user_genome	classification	fastani_reference	fastani_reference_radius	fastani_taxonomy	fastani_ani	fastani_af	closest_placement_reference	closest_placement_radius	closest_placement_taxonomy	closest_placement_ani	closest_placement_af	pplacer_taxonomy	classification_method	note	other_related_references(genome_id,species_name,radius,ANI,AF)	msa_percent	translation_table	red_value	warnings
GCA_001593845	d__Archaea;p__Thermoproteota;c__Bathyarchaeia;o__B26-1;f__B26-1;g__B63;s__B63 sp001593845	GCA_001593845.1	95.0	d__Archaea;p__Thermoproteota;c__Bathyarchaeia;o__B26-1;f__B26-1;g__B63;s__B63 sp001593845	100.0	0.98	GCA_001593845.1	95.0	d__Archaea;p__Thermoproteota;c__Bathyarchaeia;o__B26-1;f__B26-1;g__B63;s__B63 sp001593845	100.0	0.98	d__Archaea;p__Thermoproteota;c__Bathyarchaeia;o__B26-1;f__B26-1;g__B63;s__	taxonomic classification defined by topology and ANI	topological placement and ANI have congruent species assignments	N/A	54.4	11	N/A	N/A
GCA_001593855	d__Archaea;p__Thermoproteota;c__Bathyarchaeia;o__B25;f__B25;g__B25;s__B25 sp001593855	GCA_001593855.1	95.0	d__Archaea;p__Thermoproteota;c__Bathyarchaeia;o__B25;f__B25;g__B25;s__B25 sp001593855	100.0	0.99	GCA_001593855.1	95.0	d__Archaea;p__Thermoproteota;c__Bathyarchaeia;o__B25;f__B25;g__B25;s__B25 sp001593855	100.0	0.99	d__Archaea;p__Thermoproteota;c__Bathyarchaeia;o__B25;f__B25;g__B25;s__	taxonomic classification defined by topology and ANI	topological placement and ANI have congruent species assignments	GCA_003662305.1, s__B25 sp003662305, 95.0, 90.32, 0.76; GCA_003662485.1, s__B25 sp003662485, 95.0, 78.17, 0.42; GCA_003662515.1, s__B25 sp003662515, 95.0, 77.12, 0.22	73.35	11	N/A	N/A
GCA_001593865	d__Archaea;p__Thermoproteota;c__Bathyarchaeia;o__B24;f__B24;g__B24;s__B24 sp001593865	GCA_001593865.1	95.0	d__Archaea;p__Thermoproteota;c__Bathyarchaeia;o__B24;f__B24;g__B24;s__B24 sp001593865	100.0	1.0	GCA_001593865.1	95.0	d__Archaea;p__Thermoproteota;c__Bathyarchaeia;o__B24;f__B24;g__B24;s__B24 sp001593865	100.0	1.0	d__Archaea;p__Thermoproteota;c__Bathyarchaeia;o__B24;f__B24;g__;s__	taxonomic classification defined by topology and ANI	topological placement and ANI have congruent species assignments	N/A	89.15	11	N/A	N/A
GCA_001593875	d__Archaea;p__Thermoproteota;c__Bathyarchaeia;o__TCS64;f__TCS64;g__B23;s__B23 sp001593875	GCA_001593875.1	95.0	d__Archaea;p__Thermoproteota;c__Bathyarchaeia;o__TCS64;f__TCS64;g__B23;s__B23 sp001593875	100.0	1.0	GCA_001593875.1	95.0	d__Archaea;p__Thermoproteota;c__Bathyarchaeia;o__TCS64;f__TCS64;g__B23;s__B23 sp001593875	100.0	1.0	d__Archaea;p__Thermoproteota;c__Bathyarchaeia;o__TCS64;f__TCS64;g__;s__	taxonomic classification defined by topology and ANI	topological placement and ANI have congruent species assignments	N/A	56.89	11	N/A	N/A
GCA_001593935	d__Archaea;p__Thermoproteota;c__Bathyarchaeia;o__B26-1;f__B26-1;g__B26-1;s__B26-1 sp001593935	GCA_001593935.1	95.0	d__Archaea;p__Thermoproteota;c__Bathyarchaeia;o__B26-1;f__B26-1;g__B26-1;s__B26-1 sp001593935	100.0	0.99	GCA_001593935.1	95.0	d__Archaea;p__Thermoproteota;c__Bathyarchaeia;o__B26-1;f__B26-1;g__B26-1;s__B26-1 sp001593935	100.0	0.99	d__Archaea;p__Thermoproteota;c__Bathyarchaeia;o__B26-1;f__B26-1;g__B26-1;s__	taxonomic classification defined by topology and ANI	topological placement and ANI have congruent species assignments	GCA_001593925.1, s__B26-1 sp001593925, 95.0, 80.95, 0.67	92.7	11	N/A	N/A
GCA_001774245	d__Archaea;p__Thermoproteota;c__Bathyarchaeia;o__TCS64;f__TCS64;g__UBA8941;s__UBA8941 sp001774245	GCA_001774245.1	95.0	d__Archaea;p__Thermoproteota;c__Bathyarchaeia;o__TCS64;f__TCS64;g__UBA8941;s__UBA8941 sp001774245	100.0	0.98	GCA_001774245.1	95.0	d__Archaea;p__Thermoproteota;c__Bathyarchaeia;o__TCS64;f__TCS64;g__UBA8941;s__UBA8941 sp001774245	100.0	0.98	d__Archaea;p__Thermoproteota;c__Bathyarchaeia;o__TCS64;f__TCS64;g__UBA8941;s__	taxonomic classification defined by topology and ANI	topological placement and ANI have congruent species assignments	GCA_013329615.1, s__UBA8941 sp8941u, 95.0, 78.55, 0.32; GCA_017883585.1, s__UBA8941 sp017883585, 95.0, 78.21, 0.33	61.1	11	N/A	N/A
GCA_001775955	d__Archaea;p__Thermoproteota;c__Bathyarchaeia;o__40CM-2-53-6;f__RBG-13-38-9;g__RBG-13-38-9;s__RBG-13-38-9 sp001775955	GCA_001775955.1	95.0	d__Archaea;p__Thermoproteota;c__Bathyarchaeia;o__40CM-2-53-6;f__RBG-13-38-9;g__RBG-13-38-9;s__RBG-13-38-9 sp001775955	100.0	0.99	GCA_001775955.1	95.0	d__Archaea;p__Thermoproteota;c__Bathyarchaeia;o__40CM-2-53-6;f__RBG-13-38-9;g__RBG-13-38-9;s__RBG-13-38-9 sp001775955	100.0	0.99	d__Archaea;p__Thermoproteota;c__Bathyarchaeia;o__40CM-2-53-6;f__RBG-13-38-9;g__RBG-13-38-9;s__	taxonomic classification defined by topology and ANI	topological placement and ANI have congruent species assignments	GCA_007050885.1, s__RBG-13-38-9 sp007050885, 95.0, 91.75, 0.58	63.07	11	N/A	N/A
GCA_001775995	d__Archaea;p__Thermoproteota;c__Bathyarchaeia;o__RBG-16-48-13;f__RBG-16-48-13;g__RBG-16-48-13;s__RBG-16-48-13 sp001775995	GCA_001775995.1	95.0	d__Archaea;p__Thermoproteota;c__Bathyarchaeia;o__RBG-16-48-13;f__RBG-16-48-13;g__RBG-16-48-13;s__RBG-16-48-13 sp001775995	100.0	1.0	GCA_001775995.1	95.0	d__Archaea;p__Thermoproteota;c__Bathyarchaeia;o__RBG-16-48-13;f__RBG-16-48-13;g__RBG-16-48-13;s__RBG-16-48-13 sp001775995	100.0	1.0	d__Archaea;p__Thermoproteota;c__Bathyarchaeia;o__RBG-16-48-13;f__;g__;s__	taxonomic classification defined by topology and ANI	topological placement and ANI have congruent species assignments	N/A	83.47	11	N/A	N/A
GCA_001776015	d__Archaea;p__Thermoproteota;c__Bathyarchaeia;o__TCS64;f__TCS64;g__RBG-16-57-9;s__RBG-16-57-9 sp001775965	GCA_001775965.1	95.0	d__Archaea;p__Thermoproteota;c__Bathyarchaeia;o__TCS64;f__TCS64;g__RBG-16-57-9;s__RBG-16-57-9 sp001775965	99.09	0.64	GCA_001775965.1	95.0	d__Archaea;p__Thermoproteota;c__Bathyarchaeia;o__TCS64;f__TCS64;g__RBG-16-57-9;s__RBG-16-57-9 sp001775965	99.09	0.64	d__Archaea;p__Thermoproteota;c__Bathyarchaeia;o__TCS64;f__TCS64;g__RBG-16-57-9;s__	taxonomic classification defined by topology and ANI	topological placement and ANI have congruent species assignments	GCA_016934355.1, s__RBG-16-57-9 sp016934355, 95.0, 77.8, 0.32	67.03	11	N/A	N/A
GCA_002009985	d__Archaea;p__Thermoproteota;c__Bathyarchaeia;o__B25;f__B25;g__JdFR-11;s__JdFR-11 sp002011035	GCA_002011035.1	95.0	d__Archaea;p__Thermoproteota;c__Bathyarchaeia;o__B25;f__B25;g__JdFR-11;s__JdFR-11 sp002011035	100.0	1.0	GCA_002011035.1	95.0	d__Archaea;p__Thermoproteota;c__Bathyarchaeia;o__B25;f__B25;g__JdFR-11;s__JdFR-11 sp002011035	100.0	1.0	d__Archaea;p__Thermoproteota;c__Bathyarchaeia;o__B25;f__B25;g__;s__	taxonomic classification defined by topology and ANI	topological placement and ANI have congruent species assignments	N/A	96.12	11	N/A	N/A
GCA_002010925	d__Archaea;p__Thermoproteota;c__Bathyarchaeia;o__B26-1;f__UBA233;g__UBA233;s__UBA233 sp002010925	GCA_002010925.1	95.0	d__Archaea;p__Thermoproteota;c__Bathyarchaeia;o__B26-1;f__UBA233;g__UBA233;s__UBA233 sp002010925	100.0	0.98	GCA_002010925.1	95.0	d__Archaea;p__Thermoproteota;c__Bathyarchaeia;o__B26-1;f__UBA233;g__UBA233;s__UBA233 sp002010925	100.0	0.98	d__Archaea;p__Thermoproteota;c__Bathyarchaeia;o__B26-1;f__UBA233;g__UBA233;s__	taxonomic classification defined by topology and ANI	topological placement and ANI have congruent species assignments	GCA_002507245.1, s__UBA233 sp002507245, 95.0, 77.98, 0.34	65.0	11	N/A	N/A
GCA_002010975	d__Archaea;p__Thermoproteota;c__Bathyarchaeia;o__B26-1;f__UBA233;g__JdFR-07;s__JdFR-07 sp002010975	GCA_002010975.1	95.0	d__Archaea;p__Thermoproteota;c__Bathyarchaeia;o__B26-1;f__UBA233;g__JdFR-07;s__JdFR-07 sp002010975	100.0	0.99	GCA_002010975.1	95.0	d__Archaea;p__Thermoproteota;c__Bathyarchaeia;o__B26-1;f__UBA233;g__JdFR-07;s__JdFR-07 sp002010975	100.0	0.99	d__Archaea;p__Thermoproteota;c__Bathyarchaeia;o__B26-1;f__UBA233;g__JdFR-07;s__	taxonomic classification defined by topology and ANI	topological placement and ANI have congruent species assignments	GCA_003601605.1, s__JdFR-07 sp003601605, 95.0, 78.96, 0.42	71.17	11	N/A	N/A
GCA_002254975	d__Archaea;p__Thermoproteota;c__Bathyarchaeia;o__B25;f__B25;g__EX4484-218;s__EX4484-218 sp002254975	GCA_002254975.1	95.0	d__Archaea;p__Thermoproteota;c__Bathyarchaeia;o__B25;f__B25;g__EX4484-218;s__EX4484-218 sp002254975	100.0	0.98	GCA_002254975.1	95.0	d__Archaea;p__Thermoproteota;c__Bathyarchaeia;o__B25;f__B25;g__EX4484-218;s__EX4484-218 sp002254975	100.0	0.98	d__Archaea;p__Thermoproteota;c__Bathyarchaeia;o__B25;f__B25;g__EX4484-218;s__	taxonomic classification defined by topology and ANI	topological placement and ANI have congruent species assignments	GCA_003661965.1, s__EX4484-218 sp003661965, 95.0, 78.79, 0.4	49.01	11	N/A	N/A
GCA_002255025	d__Archaea;p__Thermoproteota;c__Bathyarchaeia;o__EX4484-135;f__EX4484-135;g__EX4484-135;s__EX4484-135 sp002255025	GCA_002255025.1	95.0	d__Archaea;p__Thermoproteota;c__Bathyarchaeia;o__EX4484-135;f__EX4484-135;g__EX4484-135;s__EX4484-135 sp002255025	100.0	0.97	GCA_002255025.1	95.0	d__Archaea;p__Thermoproteota;c__Bathyarchaeia;o__EX4484-135;f__EX4484-135;g__EX4484-135;s__EX4484-135 sp002255025	100.0	0.97	d__Archaea;p__Thermoproteota;c__Bathyarchaeia;o__EX4484-135;f__EX4484-135;g__EX4484-135;s__	taxonomic classification defined by topology and ANI	topological placement and ANI have congruent species assignments	N/A	76.8	11	N/A	N/A
GCA_002490245	d__Archaea;p__Thermoproteota;c__Bathyarchaeia;o__B26-1;f__B24-2;g__B24-2;s__B24-2 sp002490245	GCA_002490245.1	95.0	d__Archaea;p__Thermoproteota;c__Bathyarchaeia;o__B26-1;f__B24-2;g__B24-2;s__B24-2 sp002490245	100.0	0.98	GCA_002490245.1	95.0	d__Archaea;p__Thermoproteota;c__Bathyarchaeia;o__B26-1;f__B24-2;g__B24-2;s__B24-2 sp002490245	100.0	0.98	d__Archaea;p__Thermoproteota;c__Bathyarchaeia;o__B26-1;f__;g__;s__	taxonomic classification defined by topology and ANI	topological placement and ANI have congruent species assignments	N/A	93.21	11	N/A	N/A
GCA_002495485	d__Archaea;p__Thermoproteota;c__Bathyarchaeia;o__40CM-2-53-6;f__40CM-2-53-6;g__40CM-2-53-6;s__40CM-2-53-6 sp002495485	GCA_002495485.1	95.0	d__Archaea;p__Thermoproteota;c__Bathyarchaeia;o__40CM-2-53-6;f__40CM-2-53-6;g__40CM-2-53-6;s__40CM-2-53-6 sp002495485	100.0	0.99	GCA_002495485.1	95.0	d__Archaea;p__Thermoproteota;c__Bathyarchaeia;o__40CM-2-53-6;f__40CM-2-53-6;g__40CM-2-53-6;s__40CM-2-53-6 sp002495485	100.0	0.99	d__Archaea;p__Thermoproteota;c__Bathyarchaeia;o__40CM-2-53-6;f__40CM-2-53-6;g__40CM-2-53-6;s__	taxonomic classification defined by topology and ANI	topological placement and ANI have congruent species assignments	GCA_001915065.1, s__40CM-2-53-6 sp001915065, 95.0, 77.78, 0.21; GCA_005882905.1, s__40CM-2-53-6 sp005882905, 95.0, 77.64, 0.23	71.2	11	N/A	N/A
GCA_002507245	d__Archaea;p__Thermoproteota;c__Bathyarchaeia;o__B26-1;f__UBA233;g__UBA233;s__UBA233 sp002507245	GCA_002507245.1	95.0	d__Archaea;p__Thermoproteota;c__Bathyarchaeia;o__B26-1;f__UBA233;g__UBA233;s__UBA233 sp002507245	100.0	0.99	GCA_002507245.1	95.0	d__Archaea;p__Thermoproteota;c__Bathyarchaeia;o__B26-1;f__UBA233;g__UBA233;s__UBA233 sp002507245	100.0	0.99	d__Archaea;p__Thermoproteota;c__Bathyarchaeia;o__B26-1;f__UBA233;g__UBA233;s__	taxonomic classification defined by topology and ANI	topological placement and ANI have congruent species assignments	GCA_002010925.1, s__UBA233 sp002010925, 95.0, 77.98, 0.34; GCA_003661945.1, s__UBA233 sp003661945, 95.0, 77.42, 0.24	96.52	11	N/A	N/A
GCA_002726865	d__Archaea;p__Thermoproteota;c__Bathyarchaeia;o__TCS64;f__TCS64;g__GCA-2726865;s__GCA-2726865 sp002726865	GCA_002726865.1	95.0	d__Archaea;p__Thermoproteota;c__Bathyarchaeia;o__TCS64;f__TCS64;g__GCA-2726865;s__GCA-2726865 sp002726865	100.0	0.99	GCA_002726865.1	95.0	d__Archaea;p__Thermoproteota;c__Bathyarchaeia;o__TCS64;f__TCS64;g__GCA-2726865;s__GCA-2726865 sp002726865	100.0	0.99	d__Archaea;p__Thermoproteota;c__Bathyarchaeia;o__TCS64;f__TCS64;g__GCA-2726865;s__	taxonomic classification defined by topology and ANI	topological placement and ANI have congruent species assignments	GCA_016783485.1, s__GCA-2726865 sp014381835, 95.0, 78.32, 0.3	76.9	11	N/A	N/A
GCA_002779555	d__Archaea;p__Thermoproteota;c__Bathyarchaeia;o__B26-1;f__UBA233;g__20-14-0-80-47-9;s__20-14-0-80-47-9 sp002779555	GCA_002779555.1	95.0	d__Archaea;p__Thermoproteota;c__Bathyarchaeia;o__B26-1;f__UBA233;g__20-14-0-80-47-9;s__20-14-0-80-47-9 sp002779555	100.0	0.97	GCA_002779555.1	95.0	d__Archaea;p__Thermoproteota;c__Bathyarchaeia;o__B26-1;f__UBA233;g__20-14-0-80-47-9;s__20-14-0-80-47-9 sp002779555	100.0	0.97	d__Archaea;p__Thermoproteota;c__Bathyarchaeia;o__B26-1;f__UBA233;g__;s__	taxonomic classification defined by topology and ANI	topological placement and ANI have congruent species assignments	N/A	80.59	11	N/A	N/A
GCA_003133625	d__Archaea;p__Thermoproteota;c__Bathyarchaeia;o__B26-1;f__UBA233;g__PALSA-986;s__PALSA-986 sp003133625	GCA_003133625.1	95.0	d__Archaea;p__Thermoproteota;c__Bathyarchaeia;o__B26-1;f__UBA233;g__PALSA-986;s__PALSA-986 sp003133625	100.0	0.99	GCA_003133625.1	95.0	d__Archaea;p__Thermoproteota;c__Bathyarchaeia;o__B26-1;f__UBA233;g__PALSA-986;s__PALSA-986 sp003133625	100.0	0.99	d__Archaea;p__Thermoproteota;c__Bathyarchaeia;o__B26-1;f__UBA233;g__PALSA-986;s__	taxonomic classification defined by topology and ANI	topological placement and ANI have congruent species assignments	GCA_003141855.1, s__PALSA-986 sp003141855, 95.0, 79.5, 0.45; GCA_003164295.1, s__PALSA-986 sp003164295, 95.0, 78.46, 0.37; GCA_003151735.1, s__PALSA-986 sp003151735, 95.0, 78.46, 0.38; GCA_003589585.1, s__PALSA-986 sp003589585, 95.0, 77.79, 0.27; GCA_903901015.1, s__PALSA-986 sp903901015, 95.0, 77.43, 0.26; GCA_003165195.1, s__PALSA-986 sp003165195, 95.0, 77.23, 0.26	90.63	11	N/A	N/A
GCA_003141295	d__Archaea;p__Thermoproteota;c__Bathyarchaeia;o__B26-1;f__UBA233;g__PALSA-986;s__PALSA-986 sp003141855	GCA_003141855.1	95.0	d__Archaea;p__Thermoproteota;c__Bathyarchaeia;o__B26-1;f__UBA233;g__PALSA-986;s__PALSA-986 sp003141855	99.89	0.98	GCA_003141855.1	95.0	d__Archaea;p__Thermoproteota;c__Bathyarchaeia;o__B26-1;f__UBA233;g__PALSA-986;s__PALSA-986 sp003141855	99.89	0.98	d__Archaea;p__Thermoproteota;c__Bathyarchaeia;o__B26-1;f__UBA233;g__PALSA-986;s__	taxonomic classification defined by topology and ANI	topological placement and ANI have congruent species assignments	GCA_003151735.1, s__PALSA-986 sp003151735, 95.0, 81.92, 0.6; GCA_903901015.1, s__PALSA-986 sp903901015, 95.0, 80.39, 0.56; GCA_003133625.1, s__PALSA-986 sp003133625, 95.0, 79.28, 0.43; GCA_003589585.1, s__PALSA-986 sp003589585, 95.0, 77.7, 0.3; GCA_003164295.1, s__PALSA-986 sp003164295, 95.0, 77.64, 0.28; GCA_003165195.1, s__PALSA-986 sp003165195, 95.0, 77.58, 0.22; GCA_011367965.1, s__PALSA-986 sp011367965, 95.0, 77.42, 0.25; GCA_011332615.1, s__PALSA-986 sp011332615, 95.0, 77.38, 0.26	81.98	11	N/A	N/A
GCA_003151735	d__Archaea;p__Thermoproteota;c__Bathyarchaeia;o__B26-1;f__UBA233;g__PALSA-986;s__PALSA-986 sp003151735	GCA_003151735.1	95.0	d__Archaea;p__Thermoproteota;c__Bathyarchaeia;o__B26-1;f__UBA233;g__PALSA-986;s__PALSA-986 sp003151735	100.0	0.99	GCA_003151735.1	95.0	d__Archaea;p__Thermoproteota;c__Bathyarchaeia;o__B26-1;f__UBA233;g__PALSA-986;s__PALSA-986 sp003151735	100.0	0.99	d__Archaea;p__Thermoproteota;c__Bathyarchaeia;o__B26-1;f__UBA233;g__PALSA-986;s__	taxonomic classification defined by topology and ANI	topological placement and ANI have congruent species assignments	GCA_003141855.1, s__PALSA-986 sp003141855, 95.0, 82.19, 0.62; GCA_903901015.1, s__PALSA-986 sp903901015, 95.0, 80.38, 0.57; GCA_003164295.1, s__PALSA-986 sp003164295, 95.0, 78.58, 0.26; GCA_003133625.1, s__PALSA-986 sp003133625, 95.0, 78.46, 0.38; GCA_003165195.1, s__PALSA-986 sp003165195, 95.0, 77.88, 0.2; GCA_011332615.1, s__PALSA-986 sp011332615, 95.0, 77.54, 0.21; GCA_011367965.1, s__PALSA-986 sp011367965, 95.0, 77.46, 0.24; GCA_003589585.1, s__PALSA-986 sp003589585, 95.0, 77.21, 0.23	90.93	11	N/A	N/A
GCA_003152955	d__Archaea;p__Thermoproteota;c__Bathyarchaeia;o__40CM-2-53-6;f__FEN-987;g__FEN-987;s__FEN-987 sp003152955	GCA_003152955.1	95.0	d__Archaea;p__Thermoproteota;c__Bathyarchaeia;o__40CM-2-53-6;f__FEN-987;g__FEN-987;s__FEN-987 sp003152955	100.0	0.98	GCA_003152955.1	95.0	d__Archaea;p__Thermoproteota;c__Bathyarchaeia;o__40CM-2-53-6;f__FEN-987;g__FEN-987;s__FEN-987 sp003152955	100.0	0.98	d__Archaea;p__Thermoproteota;c__Bathyarchaeia;o__40CM-2-53-6;f__FEN-987;g__FEN-987;s__	taxonomic classification defined by topology and ANI	topological placement and ANI have congruent species assignments	N/A	66.24	11	N/A	N/A
GCA_003164295	d__Archaea;p__Thermoproteota;c__Bathyarchaeia;o__B26-1;f__UBA233;g__PALSA-986;s__PALSA-986 sp003164295	GCA_003164295.1	95.0	d__Archaea;p__Thermoproteota;c__Bathyarchaeia;o__B26-1;f__UBA233;g__PALSA-986;s__PALSA-986 sp003164295	100.0	1.0	GCA_003164295.1	95.0	d__Archaea;p__Thermoproteota;c__Bathyarchaeia;o__B26-1;f__UBA233;g__PALSA-986;s__PALSA-986 sp003164295	100.0	1.0	d__Archaea;p__Thermoproteota;c__Bathyarchaeia;o__B26-1;f__UBA233;g__PALSA-986;s__	taxonomic classification defined by topology and ANI	topological placement and ANI have congruent species assignments	GCA_003165195.1, s__PALSA-986 sp003165195, 95.0, 78.93, 0.28; GCA_003151735.1, s__PALSA-986 sp003151735, 95.0, 78.58, 0.26; GCA_003133625.1, s__PALSA-986 sp003133625, 95.0, 78.46, 0.37; GCA_903901015.1, s__PALSA-986 sp903901015, 95.0, 77.83, 0.26; GCA_003141855.1, s__PALSA-986 sp003141855, 95.0, 77.78, 0.28	87.45	11	N/A	N/A
GCA_003165195	d__Archaea;p__Thermoproteota;c__Bathyarchaeia;o__B26-1;f__UBA233;g__PALSA-986;s__PALSA-986 sp003165195	GCA_003165195.1	95.0	d__Archaea;p__Thermoproteota;c__Bathyarchaeia;o__B26-1;f__UBA233;g__PALSA-986;s__PALSA-986 sp003165195	100.0	0.99	GCA_003165195.1	95.0	d__Archaea;p__Thermoproteota;c__Bathyarchaeia;o__B26-1;f__UBA233;g__PALSA-986;s__PALSA-986 sp003165195	100.0	0.99	d__Archaea;p__Thermoproteota;c__Bathyarchaeia;o__B26-1;f__UBA233;g__PALSA-986;s__	taxonomic classification defined by topology and ANI	topological placement and ANI have congruent species assignments	GCA_003164295.1, s__PALSA-986 sp003164295, 95.0, 78.93, 0.28; GCA_003151735.1, s__PALSA-986 sp003151735, 95.0, 77.88, 0.2; GCA_003141855.1, s__PALSA-986 sp003141855, 95.0, 77.53, 0.22; GCA_003133625.1, s__PALSA-986 sp003133625, 95.0, 77.23, 0.26; GCA_903901015.1, s__PALSA-986 sp903901015, 95.0, 77.17, 0.23	90.52	11	N/A	N/A
GCA_003589585	d__Archaea;p__Thermoproteota;c__Bathyarchaeia;o__B26-1;f__UBA233;g__PALSA-986;s__PALSA-986 sp003589585	GCA_003589585.1	95.0	d__Archaea;p__Thermoproteota;c__Bathyarchaeia;o__B26-1;f__UBA233;g__PALSA-986;s__PALSA-986 sp003589585	100.0	0.99	GCA_003589585.1	95.0	d__Archaea;p__Thermoproteota;c__Bathyarchaeia;o__B26-1;f__UBA233;g__PALSA-986;s__PALSA-986 sp003589585	100.0	0.99	d__Archaea;p__Thermoproteota;c__Bathyarchaeia;o__B26-1;f__UBA233;g__PALSA-986;s__	taxonomic classification defined by topology and ANI	topological placement and ANI have congruent species assignments	GCA_003133625.1, s__PALSA-986 sp003133625, 95.0, 77.79, 0.27; GCA_003141855.1, s__PALSA-986 sp003141855, 95.0, 77.74, 0.32; GCA_003151735.1, s__PALSA-986 sp003151735, 95.0, 77.21, 0.23; GCA_903901015.1, s__PALSA-986 sp903901015, 95.0, 77.15, 0.21; GCA_011332615.1, s__PALSA-986 sp011332615, 95.0, 76.71, 0.21	76.48	11	N/A	N/A
GCA_003601695	d__Archaea;p__Thermoproteota;c__Bathyarchaeia;o__B26-1;f__B26-1;g__B63;s__B63 sp003601695	GCA_003601695.1	95.0	d__Archaea;p__Thermoproteota;c__Bathyarchaeia;o__B26-1;f__B26-1;g__B63;s__B63 sp003601695	100.0	0.98	GCA_003601695.1	95.0	d__Archaea;p__Thermoproteota;c__Bathyarchaeia;o__B26-1;f__B26-1;g__B63;s__B63 sp003601695	100.0	0.98	d__Archaea;p__Thermoproteota;c__Bathyarchaeia;o__B26-1;f__B26-1;g__B63;s__	taxonomic classification defined by topology and ANI	topological placement and ANI have congruent species assignments	N/A	77.55	11	N/A	N/A
GCA_003601725	d__Archaea;p__Thermoproteota;c__Bathyarchaeia;o__B26-1;f__B26-1;g__B63;s__B63 sp003601725	GCA_003601725.1	95.0	d__Archaea;p__Thermoproteota;c__Bathyarchaeia;o__B26-1;f__B26-1;g__B63;s__B63 sp003601725	100.0	0.98	GCA_003601725.1	95.0	d__Archaea;p__Thermoproteota;c__Bathyarchaeia;o__B26-1;f__B26-1;g__B63;s__B63 sp003601725	100.0	0.98	d__Archaea;p__Thermoproteota;c__Bathyarchaeia;o__B26-1;f__B26-1;g__B63;s__	taxonomic classification defined by topology and ANI	topological placement and ANI have congruent species assignments	N/A	86.49	11	N/A	N/A
GCA_003601785	d__Archaea;p__Thermoproteota;c__Bathyarchaeia;o__B26-1;f__UBA233;g__PIYA01;s__PIYA01 sp003601785	GCA_003601785.1	95.0	d__Archaea;p__Thermoproteota;c__Bathyarchaeia;o__B26-1;f__UBA233;g__PIYA01;s__PIYA01 sp003601785	100.0	0.98	GCA_003601785.1	95.0	d__Archaea;p__Thermoproteota;c__Bathyarchaeia;o__B26-1;f__UBA233;g__PIYA01;s__PIYA01 sp003601785	100.0	0.98	d__Archaea;p__Thermoproteota;c__Bathyarchaeia;o__B26-1;f__UBA233;g__;s__	taxonomic classification defined by topology and ANI	topological placement and ANI have congruent species assignments	N/A	70.92	11	N/A	N/A
GCA_003601835	d__Archaea;p__Thermoproteota;c__Bathyarchaeia;o__B26-1;f__B26-1;g__PIYB01;s__PIYB01 sp003601835	GCA_003601835.1	95.0	d__Archaea;p__Thermoproteota;c__Bathyarchaeia;o__B26-1;f__B26-1;g__PIYB01;s__PIYB01 sp003601835	100.0	0.98	GCA_003601835.1	95.0	d__Archaea;p__Thermoproteota;c__Bathyarchaeia;o__B26-1;f__B26-1;g__PIYB01;s__PIYB01 sp003601835	100.0	0.98	d__Archaea;p__Thermoproteota;c__Bathyarchaeia;o__B26-1;f__B26-1;g__PIYB01;s__	taxonomic classification defined by topology and ANI	topological placement and ANI have congruent species assignments	N/A	84.56	11	N/A	N/A
GCA_003601875	d__Archaea;p__Thermoproteota;c__Bathyarchaeia;o__B26-1;f__UBA233;g__PIYF01;s__PIYF01 sp003601875	GCA_003601875.1	95.0	d__Archaea;p__Thermoproteota;c__Bathyarchaeia;o__B26-1;f__UBA233;g__PIYF01;s__PIYF01 sp003601875	100.0	0.97	GCA_003601875.1	95.0	d__Archaea;p__Thermoproteota;c__Bathyarchaeia;o__B26-1;f__UBA233;g__PIYF01;s__PIYF01 sp003601875	100.0	0.97	d__Archaea;p__Thermoproteota;c__Bathyarchaeia;o__B26-1;f__UBA233;g__;s__	taxonomic classification defined by topology and ANI	topological placement and ANI have congruent species assignments	N/A	66.58	11	N/A	N/A
GCA_003661965	d__Archaea;p__Thermoproteota;c__Bathyarchaeia;o__B25;f__B25;g__EX4484-218;s__EX4484-218 sp003661965	GCA_003661965.1	95.0	d__Archaea;p__Thermoproteota;c__Bathyarchaeia;o__B25;f__B25;g__EX4484-218;s__EX4484-218 sp003661965	100.0	1.0	GCA_003661965.1	95.0	d__Archaea;p__Thermoproteota;c__Bathyarchaeia;o__B25;f__B25;g__EX4484-218;s__EX4484-218 sp003661965	100.0	1.0	d__Archaea;p__Thermoproteota;c__Bathyarchaeia;o__B25;f__B25;g__EX4484-218;s__	taxonomic classification defined by topology and ANI	topological placement and ANI have congruent species assignments	GCA_002254975.1, s__EX4484-218 sp002254975, 95.0, 78.79, 0.4	89.67	11	N/A	N/A
GCA_003661975	d__Archaea;p__Thermoproteota;c__Bathyarchaeia;o__B26-1;f__B26-1;g__B63;s__B63 sp003661975	GCA_003661975.1	95.0	d__Archaea;p__Thermoproteota;c__Bathyarchaeia;o__B26-1;f__B26-1;g__B63;s__B63 sp003661975	100.0	0.98	GCA_003661975.1	95.0	d__Archaea;p__Thermoproteota;c__Bathyarchaeia;o__B26-1;f__B26-1;g__B63;s__B63 sp003661975	100.0	0.98	d__Archaea;p__Thermoproteota;c__Bathyarchaeia;o__B26-1;f__B26-1;g__B63;s__	taxonomic classification defined by topology and ANI	topological placement and ANI have congruent species assignments	N/A	74.69	11	N/A	N/A
GCA_003662205	d__Archaea;p__Thermoproteota;c__Bathyarchaeia;o__TCS64;f__TCS64;g__B46-G15;s__B46-G15 sp003662205	GCA_003662205.1	95.0	d__Archaea;p__Thermoproteota;c__Bathyarchaeia;o__TCS64;f__TCS64;g__B46-G15;s__B46-G15 sp003662205	100.0	0.99	GCA_003662205.1	95.0	d__Archaea;p__Thermoproteota;c__Bathyarchaeia;o__TCS64;f__TCS64;g__B46-G15;s__B46-G15 sp003662205	100.0	0.99	d__Archaea;p__Thermoproteota;c__Bathyarchaeia;o__TCS64;f__TCS64;g__;s__	taxonomic classification defined by topology and ANI	topological placement and ANI have congruent species assignments	N/A	72.45	11	N/A	N/A
GCA_003662305	d__Archaea;p__Thermoproteota;c__Bathyarchaeia;o__B25;f__B25;g__B25;s__B25 sp003662305	GCA_003662305.1	95.0	d__Archaea;p__Thermoproteota;c__Bathyarchaeia;o__B25;f__B25;g__B25;s__B25 sp003662305	100.0	0.98	GCA_003662305.1	95.0	d__Archaea;p__Thermoproteota;c__Bathyarchaeia;o__B25;f__B25;g__B25;s__B25 sp003662305	100.0	0.98	d__Archaea;p__Thermoproteota;c__Bathyarchaeia;o__B25;f__B25;g__B25;s__	taxonomic classification defined by topology and ANI	topological placement and ANI have congruent species assignments	GCA_001593855.1, s__B25 sp001593855, 95.0, 90.32, 0.76; GCA_003662485.1, s__B25 sp003662485, 95.0, 78.52, 0.45; GCA_003662515.1, s__B25 sp003662515, 95.0, 76.58, 0.28	83.34	11	N/A	N/A
GCA_003662485	d__Archaea;p__Thermoproteota;c__Bathyarchaeia;o__B25;f__B25;g__B25;s__B25 sp003662485	GCA_003662485.1	95.0	d__Archaea;p__Thermoproteota;c__Bathyarchaeia;o__B25;f__B25;g__B25;s__B25 sp003662485	100.0	0.99	GCA_003662485.1	95.0	d__Archaea;p__Thermoproteota;c__Bathyarchaeia;o__B25;f__B25;g__B25;s__B25 sp003662485	100.0	0.99	d__Archaea;p__Thermoproteota;c__Bathyarchaeia;o__B25;f__B25;g__B25;s__	taxonomic classification defined by topology and ANI	topological placement and ANI have congruent species assignments	GCA_003662305.1, s__B25 sp003662305, 95.0, 78.52, 0.45; GCA_001593855.1, s__B25 sp001593855, 95.0, 78.17, 0.42; GCA_003662515.1, s__B25 sp003662515, 95.0, 77.12, 0.32	79.33	11	N/A	N/A
GCA_003662515	d__Archaea;p__Thermoproteota;c__Bathyarchaeia;o__B25;f__B25;g__B25;s__B25 sp003662515	GCA_003662515.1	95.0	d__Archaea;p__Thermoproteota;c__Bathyarchaeia;o__B25;f__B25;g__B25;s__B25 sp003662515	100.0	0.99	GCA_003662515.1	95.0	d__Archaea;p__Thermoproteota;c__Bathyarchaeia;o__B25;f__B25;g__B25;s__B25 sp003662515	100.0	0.99	d__Archaea;p__Thermoproteota;c__Bathyarchaeia;o__B25;f__B25;g__B25;s__	taxonomic classification defined by topology and ANI	topological placement and ANI have congruent species assignments	GCA_003662485.1, s__B25 sp003662485, 95.0, 77.12, 0.32; GCA_001593855.1, s__B25 sp001593855, 95.0, 77.12, 0.22; GCA_003662305.1, s__B25 sp003662305, 95.0, 76.58, 0.28	63.4	11	N/A	N/A
GCA_003662535	d__Archaea;p__Thermoproteota;c__Bathyarchaeia;o__EX4484-135;f__B24-G1;g__B24-G1;s__B24-G1 sp003662535	GCA_003662535.1	95.0	d__Archaea;p__Thermoproteota;c__Bathyarchaeia;o__EX4484-135;f__B24-G1;g__B24-G1;s__B24-G1 sp003662535	100.0	0.98	GCA_003662535.1	95.0	d__Archaea;p__Thermoproteota;c__Bathyarchaeia;o__EX4484-135;f__B24-G1;g__B24-G1;s__B24-G1 sp003662535	100.0	0.98	d__Archaea;p__Thermoproteota;c__Bathyarchaeia;o__EX4484-135;f__;g__;s__	taxonomic classification defined by topology and ANI	topological placement and ANI have congruent species assignments	N/A	52.33	11	N/A	N/A
GCA_003662585	d__Archaea;p__Thermoproteota;c__Bathyarchaeia;o__TCS64;f__PIYN01;g__PIYN01;s__PIYN01 sp003601775	GCA_003601775.1	95.0	d__Archaea;p__Thermoproteota;c__Bathyarchaeia;o__TCS64;f__PIYN01;g__PIYN01;s__PIYN01 sp003601775	98.72	0.87	GCA_003601775.1	95.0	d__Archaea;p__Thermoproteota;c__Bathyarchaeia;o__TCS64;f__PIYN01;g__PIYN01;s__PIYN01 sp003601775	98.72	0.87	d__Archaea;p__Thermoproteota;c__Bathyarchaeia;o__TCS64;f__;g__;s__	taxonomic classification defined by topology and ANI	topological placement and ANI have congruent species assignments	N/A	64.52	11	N/A	N/A
GCA_003662645	d__Archaea;p__Thermoproteota;c__Bathyarchaeia;o__B26-1;f__B26-1;g__B17-G17;s__B17-G17 sp003662645	GCA_003662645.1	95.0	d__Archaea;p__Thermoproteota;c__Bathyarchaeia;o__B26-1;f__B26-1;g__B17-G17;s__B17-G17 sp003662645	100.0	0.98	GCA_003662645.1	95.0	d__Archaea;p__Thermoproteota;c__Bathyarchaeia;o__B26-1;f__B26-1;g__B17-G17;s__B17-G17 sp003662645	100.0	0.98	d__Archaea;p__Thermoproteota;c__Bathyarchaeia;o__B26-1;f__B26-1;g__;s__	taxonomic classification defined by topology and ANI	topological placement and ANI have congruent species assignments	N/A	55.6	11	N/A	N/A
GCA_004376645	d__Archaea;p__Thermoproteota;c__Bathyarchaeia;o__B26-1;f__SOJC01;g__SOJC01;s__SOJC01 sp004376645	GCA_004376645.1	95.0	d__Archaea;p__Thermoproteota;c__Bathyarchaeia;o__B26-1;f__SOJC01;g__SOJC01;s__SOJC01 sp004376645	100.0	0.97	GCA_004376645.1	95.0	d__Archaea;p__Thermoproteota;c__Bathyarchaeia;o__B26-1;f__SOJC01;g__SOJC01;s__SOJC01 sp004376645	100.0	0.97	d__Archaea;p__Thermoproteota;c__Bathyarchaeia;o__B26-1;f__;g__;s__	taxonomic classification defined by topology and ANI	topological placement and ANI have congruent species assignments	N/A	85.31	11	N/A	N/A
GCA_004376975	d__Archaea;p__Thermoproteota;c__Bathyarchaeia;o__B26-1;f__UBA233;g__SOJA01;s__SOJA01 sp004376975	GCA_004376975.1	95.0	d__Archaea;p__Thermoproteota;c__Bathyarchaeia;o__B26-1;f__UBA233;g__SOJA01;s__SOJA01 sp004376975	100.0	0.99	GCA_004376975.1	95.0	d__Archaea;p__Thermoproteota;c__Bathyarchaeia;o__B26-1;f__UBA233;g__SOJA01;s__SOJA01 sp004376975	100.0	0.99	d__Archaea;p__Thermoproteota;c__Bathyarchaeia;o__B26-1;f__UBA233;g__SOJA01;s__	taxonomic classification defined by topology and ANI	topological placement and ANI have congruent species assignments	GCA_014859805.1, s__SOJA01 sp014859805, 95.0, 80.28, 0.56	90.86	11	N/A	N/A
GCA_005881615	d__Archaea;p__Thermoproteota;c__Bathyarchaeia;o__40CM-2-53-6;f__40CM-2-53-6;g__40CM-2-53-6;s__40CM-2-53-6 sp005881615	GCA_005881615.1	95.0	d__Archaea;p__Thermoproteota;c__Bathyarchaeia;o__40CM-2-53-6;f__40CM-2-53-6;g__40CM-2-53-6;s__40CM-2-53-6 sp005881615	100.0	0.98	GCA_005881615.1	95.0	d__Archaea;p__Thermoproteota;c__Bathyarchaeia;o__40CM-2-53-6;f__40CM-2-53-6;g__40CM-2-53-6;s__40CM-2-53-6 sp005881615	100.0	0.98	d__Archaea;p__Thermoproteota;c__Bathyarchaeia;o__40CM-2-53-6;f__40CM-2-53-6;g__40CM-2-53-6;s__	taxonomic classification defined by topology and ANI	topological placement and ANI have congruent species assignments	GCA_005888755.1, s__40CM-2-53-6 sp005888755, 95.0, 87.16, 0.71; GCA_005884195.1, s__40CM-2-53-6 sp005884195, 95.0, 86.81, 0.68; GCA_001918765.1, s__40CM-2-53-6 sp001918765, 95.0, 85.08, 0.74; GCA_005882895.1, s__40CM-2-53-6 sp005882895, 95.0, 82.23, 0.65; GCA_005883695.1, s__40CM-2-53-6 sp005883695, 95.0, 81.92, 0.72; GCA_005881695.1, s__40CM-2-53-6 sp005881695, 95.0, 81.75, 0.66; GCA_005884605.1, s__40CM-2-53-6 sp005884605, 95.0, 81.2, 0.55; GCA_005883075.1, s__40CM-2-53-6 sp005883075, 95.0, 81.08, 0.58; GCA_001918745.1, s__40CM-2-53-6 sp001918745, 95.0, 80.6, 0.58; GCA_005883085.1, s__40CM-2-53-6 sp005883085, 95.0, 80.45, 0.58; GCA_005888745.1, s__40CM-2-53-6 sp005888745, 95.0, 80.43, 0.56	74.47	11	N/A	N/A
GCA_005881695	d__Archaea;p__Thermoproteota;c__Bathyarchaeia;o__40CM-2-53-6;f__40CM-2-53-6;g__40CM-2-53-6;s__40CM-2-53-6 sp005881695	GCA_005881695.1	95.0	d__Archaea;p__Thermoproteota;c__Bathyarchaeia;o__40CM-2-53-6;f__40CM-2-53-6;g__40CM-2-53-6;s__40CM-2-53-6 sp005881695	100.0	0.99	GCA_005881695.1	95.0	d__Archaea;p__Thermoproteota;c__Bathyarchaeia;o__40CM-2-53-6;f__40CM-2-53-6;g__40CM-2-53-6;s__40CM-2-53-6 sp005881695	100.0	0.99	d__Archaea;p__Thermoproteota;c__Bathyarchaeia;o__40CM-2-53-6;f__40CM-2-53-6;g__40CM-2-53-6;s__	taxonomic classification defined by topology and ANI	topological placement and ANI have congruent species assignments	GCA_005882895.1, s__40CM-2-53-6 sp005882895, 95.0, 89.29, 0.76; GCA_005883695.1, s__40CM-2-53-6 sp005883695, 95.0, 88.96, 0.77; GCA_005883075.1, s__40CM-2-53-6 sp005883075, 95.0, 83.41, 0.63; GCA_005884605.1, s__40CM-2-53-6 sp005884605, 95.0, 83.08, 0.57; GCA_005883085.1, s__40CM-2-53-6 sp005883085, 95.0, 82.92, 0.63; GCA_001918745.1, s__40CM-2-53-6 sp001918745, 95.0, 82.13, 0.63; GCA_005888755.1, s__40CM-2-53-6 sp005888755, 95.0, 82.03, 0.65; GCA_005888745.1, s__40CM-2-53-6 sp005888745, 95.0, 82.0, 0.67; GCA_001918765.1, s__40CM-2-53-6 sp001918765, 95.0, 81.97, 0.66; GCA_005884195.1, s__40CM-2-53-6 sp005884195, 95.0, 81.87, 0.62; GCA_005881615.1, s__40CM-2-53-6 sp005881615, 95.0, 81.75, 0.66	73.03	11	N/A	N/A
GCA_005882885	d__Archaea;p__Thermoproteota;c__Bathyarchaeia;o__40CM-2-53-6;f__40CM-2-53-6;g__40CM-2-53-6;s__40CM-2-53-6 sp005882895	GCA_005882895.1	95.0	d__Archaea;p__Thermoproteota;c__Bathyarchaeia;o__40CM-2-53-6;f__40CM-2-53-6;g__40CM-2-53-6;s__40CM-2-53-6 sp005882895	98.65	0.86	GCA_005882895.1	95.0	d__Archaea;p__Thermoproteota;c__Bathyarchaeia;o__40CM-2-53-6;f__40CM-2-53-6;g__40CM-2-53-6;s__40CM-2-53-6 sp005882895	98.65	0.86	d__Archaea;p__Thermoproteota;c__Bathyarchaeia;o__40CM-2-53-6;f__40CM-2-53-6;g__40CM-2-53-6;s__	taxonomic classification defined by topology and ANI	topological placement and ANI have congruent species assignments	GCA_005881695.1, s__40CM-2-53-6 sp005881695, 95.0, 89.12, 0.73; GCA_005883695.1, s__40CM-2-53-6 sp005883695, 95.0, 88.65, 0.69; GCA_005883075.1, s__40CM-2-53-6 sp005883075, 95.0, 82.96, 0.62; GCA_005884605.1, s__40CM-2-53-6 sp005884605, 95.0, 82.64, 0.59; GCA_005883085.1, s__40CM-2-53-6 sp005883085, 95.0, 82.4, 0.55; GCA_005888755.1, s__40CM-2-53-6 sp005888755, 95.0, 81.93, 0.7; GCA_005881615.1, s__40CM-2-53-6 sp005881615, 95.0, 81.9, 0.68; GCA_001918765.1, s__40CM-2-53-6 sp001918765, 95.0, 81.89, 0.58; GCA_005884195.1, s__40CM-2-53-6 sp005884195, 95.0, 81.78, 0.64; GCA_005888745.1, s__40CM-2-53-6 sp005888745, 95.0, 81.69, 0.68; GCA_001918745.1, s__40CM-2-53-6 sp001918745, 95.0, 81.49, 0.61	67.79	11	N/A	N/A
GCA_005883075	d__Archaea;p__Thermoproteota;c__Bathyarchaeia;o__40CM-2-53-6;f__40CM-2-53-6;g__40CM-2-53-6;s__40CM-2-53-6 sp005883075	GCA_005883075.1	95.0	d__Archaea;p__Thermoproteota;c__Bathyarchaeia;o__40CM-2-53-6;f__40CM-2-53-6;g__40CM-2-53-6;s__40CM-2-53-6 sp005883075	100.0	0.99	GCA_005883075.1	95.0	d__Archaea;p__Thermoproteota;c__Bathyarchaeia;o__40CM-2-53-6;f__40CM-2-53-6;g__40CM-2-53-6;s__40CM-2-53-6 sp005883075	100.0	0.99	d__Archaea;p__Thermoproteota;c__Bathyarchaeia;o__40CM-2-53-6;f__40CM-2-53-6;g__40CM-2-53-6;s__	taxonomic classification defined by topology and ANI	topological placement and ANI have congruent species assignments	GCA_005883085.1, s__40CM-2-53-6 sp005883085, 95.0, 91.67, 0.74; GCA_005884605.1, s__40CM-2-53-6 sp005884605, 95.0, 88.33, 0.67; GCA_005888745.1, s__40CM-2-53-6 sp005888745, 95.0, 86.11, 0.76; GCA_001918745.1, s__40CM-2-53-6 sp001918745, 95.0, 84.74, 0.68; GCA_005882895.1, s__40CM-2-53-6 sp005882895, 95.0, 83.72, 0.67; GCA_005881695.1, s__40CM-2-53-6 sp005881695, 95.0, 83.41, 0.63; GCA_005883695.1, s__40CM-2-53-6 sp005883695, 95.0, 82.9, 0.68; GCA_005888755.1, s__40CM-2-53-6 sp005888755, 95.0, 81.1, 0.66; GCA_005881615.1, s__40CM-2-53-6 sp005881615, 95.0, 81.08, 0.58; GCA_005884195.1, s__40CM-2-53-6 sp005884195, 95.0, 81.01, 0.6; GCA_001918765.1, s__40CM-2-53-6 sp001918765, 95.0, 80.96, 0.63	76.06	11	N/A	N/A
GCA_005883695	d__Archaea;p__Thermoproteota;c__Bathyarchaeia;o__40CM-2-53-6;f__40CM-2-53-6;g__40CM-2-53-6;s__40CM-2-53-6 sp005883695	GCA_005883695.1	95.0	d__Archaea;p__Thermoproteota;c__Bathyarchaeia;o__40CM-2-53-6;f__40CM-2-53-6;g__40CM-2-53-6;s__40CM-2-53-6 sp005883695	100.0	0.99	GCA_005883695.1	95.0	d__Archaea;p__Thermoproteota;c__Bathyarchaeia;o__40CM-2-53-6;f__40CM-2-53-6;g__40CM-2-53-6;s__40CM-2-53-6 sp005883695	100.0	0.99	d__Archaea;p__Thermoproteota;c__Bathyarchaeia;o__40CM-2-53-6;f__40CM-2-53-6;g__40CM-2-53-6;s__	taxonomic classification defined by topology and ANI	topological placement and ANI have congruent species assignments	GCA_005882895.1, s__40CM-2-53-6 sp005882895, 95.0, 89.23, 0.84; GCA_005881695.1, s__40CM-2-53-6 sp005881695, 95.0, 88.96, 0.77; GCA_005883075.1, s__40CM-2-53-6 sp005883075, 95.0, 82.9, 0.68; GCA_005884605.1, s__40CM-2-53-6 sp005884605, 95.0, 82.5, 0.67; GCA_005888755.1, s__40CM-2-53-6 sp005888755, 95.0, 82.3, 0.73; GCA_005883085.1, s__40CM-2-53-6 sp005883085, 95.0, 81.97, 0.52; GCA_005884195.1, s__40CM-2-53-6 sp005884195, 95.0, 81.97, 0.7; GCA_005881615.1, s__40CM-2-53-6 sp005881615, 95.0, 81.92, 0.72; GCA_001918765.1, s__40CM-2-53-6 sp001918765, 95.0, 81.84, 0.56; GCA_005888745.1, s__40CM-2-53-6 sp005888745, 95.0, 81.78, 0.72; GCA_001918745.1, s__40CM-2-53-6 sp001918745, 95.0, 81.47, 0.69	63.62	11	N/A	N/A
GCA_005883755	d__Archaea;p__Thermoproteota;c__Bathyarchaeia;o__40CM-2-53-6;f__40CM-2-53-6;g__40CM-2-53-6;s__40CM-2-53-6 sp001915065	GCA_001915065.1	95.0	d__Archaea;p__Thermoproteota;c__Bathyarchaeia;o__40CM-2-53-6;f__40CM-2-53-6;g__40CM-2-53-6;s__40CM-2-53-6 sp001915065	99.44	0.85	GCA_001915065.1	95.0	d__Archaea;p__Thermoproteota;c__Bathyarchaeia;o__40CM-2-53-6;f__40CM-2-53-6;g__40CM-2-53-6;s__40CM-2-53-6 sp001915065	99.44	0.85	d__Archaea;p__Thermoproteota;c__Bathyarchaeia;o__40CM-2-53-6;f__40CM-2-53-6;g__40CM-2-53-6;s__	taxonomic classification defined by topology and ANI	topological placement and ANI have congruent species assignments	GCA_005882905.1, s__40CM-2-53-6 sp005882905, 95.0, 93.1, 0.75; GCA_005888635.1, s__40CM-2-53-6 sp005888635, 95.0, 78.22, 0.26; GCA_002495485.1, s__40CM-2-53-6 sp002495485, 95.0, 77.84, 0.23; GCA_005882955.1, s__40CM-2-53-6 sp005882955, 95.0, 77.71, 0.22	65.72	11	N/A	N/A
GCA_005884195	d__Archaea;p__Thermoproteota;c__Bathyarchaeia;o__40CM-2-53-6;f__40CM-2-53-6;g__40CM-2-53-6;s__40CM-2-53-6 sp005884195	GCA_005884195.1	95.0	d__Archaea;p__Thermoproteota;c__Bathyarchaeia;o__40CM-2-53-6;f__40CM-2-53-6;g__40CM-2-53-6;s__40CM-2-53-6 sp005884195	100.0	1.0	GCA_005884195.1	95.0	d__Archaea;p__Thermoproteota;c__Bathyarchaeia;o__40CM-2-53-6;f__40CM-2-53-6;g__40CM-2-53-6;s__40CM-2-53-6 sp005884195	100.0	1.0	d__Archaea;p__Thermoproteota;c__Bathyarchaeia;o__40CM-2-53-6;f__40CM-2-53-6;g__40CM-2-53-6;s__	taxonomic classification defined by topology and ANI	topological placement and ANI have congruent species assignments	GCA_005888755.1, s__40CM-2-53-6 sp005888755, 95.0, 92.03, 0.8; GCA_005881615.1, s__40CM-2-53-6 sp005881615, 95.0, 86.81, 0.68; GCA_001918765.1, s__40CM-2-53-6 sp001918765, 95.0, 84.69, 0.74; GCA_005882895.1, s__40CM-2-53-6 sp005882895, 95.0, 82.13, 0.63; GCA_005883695.1, s__40CM-2-53-6 sp005883695, 95.0, 81.97, 0.7; GCA_005881695.1, s__40CM-2-53-6 sp005881695, 95.0, 81.87, 0.62; GCA_005884605.1, s__40CM-2-53-6 sp005884605, 95.0, 81.04, 0.56; GCA_005883075.1, s__40CM-2-53-6 sp005883075, 95.0, 81.01, 0.6; GCA_005888745.1, s__40CM-2-53-6 sp005888745, 95.0, 80.63, 0.62; GCA_001918745.1, s__40CM-2-53-6 sp001918745, 95.0, 80.57, 0.56; GCA_005883085.1, s__40CM-2-53-6 sp005883085, 95.0, 80.31, 0.56	78.65	11	N/A	N/A
GCA_005884235	d__Archaea;p__Thermoproteota;c__Bathyarchaeia;o__40CM-2-53-6;f__40CM-2-53-6;g__40CM-2-53-6;s__40CM-2-53-6 sp005884605	GCA_005884605.1	95.0	d__Archaea;p__Thermoproteota;c__Bathyarchaeia;o__40CM-2-53-6;f__40CM-2-53-6;g__40CM-2-53-6;s__40CM-2-53-6 sp005884605	98.5	0.75	GCA_005884605.1	95.0	d__Archaea;p__Thermoproteota;c__Bathyarchaeia;o__40CM-2-53-6;f__40CM-2-53-6;g__40CM-2-53-6;s__40CM-2-53-6 sp005884605	98.5	0.75	d__Archaea;p__Thermoproteota;c__Bathyarchaeia;o__40CM-2-53-6;f__40CM-2-53-6;g__40CM-2-53-6;s__	taxonomic classification defined by topology and ANI	topological placement and ANI have congruent species assignments	GCA_005883075.1, s__40CM-2-53-6 sp005883075, 95.0, 88.27, 0.64; GCA_005883085.1, s__40CM-2-53-6 sp005883085, 95.0, 87.64, 0.64; GCA_005888745.1, s__40CM-2-53-6 sp005888745, 95.0, 85.79, 0.67; GCA_001918745.1, s__40CM-2-53-6 sp001918745, 95.0, 85.42, 0.61; GCA_005882895.1, s__40CM-2-53-6 sp005882895, 95.0, 83.66, 0.58; GCA_005881695.1, s__40CM-2-53-6 sp005881695, 95.0, 83.22, 0.58; GCA_005883695.1, s__40CM-2-53-6 sp005883695, 95.0, 82.67, 0.65; GCA_005888755.1, s__40CM-2-53-6 sp005888755, 95.0, 81.28, 0.55; GCA_005884195.1, s__40CM-2-53-6 sp005884195, 95.0, 81.05, 0.53; GCA_001918765.1, s__40CM-2-53-6 sp001918765, 95.0, 80.93, 0.56; GCA_005881615.1, s__40CM-2-53-6 sp005881615, 95.0, 80.88, 0.52	70.51	11	N/A	N/A
GCA_005884265	d__Archaea;p__Thermoproteota;c__Bathyarchaeia;o__40CM-2-53-6;f__40CM-2-53-6;g__40CM-2-53-6;s__40CM-2-53-6 sp005883085	GCA_005883085.1	95.0	d__Archaea;p__Thermoproteota;c__Bathyarchaeia;o__40CM-2-53-6;f__40CM-2-53-6;g__40CM-2-53-6;s__40CM-2-53-6 sp005883085	98.73	0.8	GCA_005883085.1	95.0	d__Archaea;p__Thermoproteota;c__Bathyarchaeia;o__40CM-2-53-6;f__40CM-2-53-6;g__40CM-2-53-6;s__40CM-2-53-6 sp005883085	98.73	0.8	d__Archaea;p__Thermoproteota;c__Bathyarchaeia;o__40CM-2-53-6;f__40CM-2-53-6;g__40CM-2-53-6;s__	taxonomic classification defined by topology and ANI	topological placement and ANI have congruent species assignments	GCA_005883075.1, s__40CM-2-53-6 sp005883075, 95.0, 92.16, 0.71; GCA_005884605.1, s__40CM-2-53-6 sp005884605, 95.0, 88.09, 0.61; GCA_005888745.1, s__40CM-2-53-6 sp005888745, 95.0, 85.51, 0.71; GCA_001918745.1, s__40CM-2-53-6 sp001918745, 95.0, 84.45, 0.62; GCA_005882895.1, s__40CM-2-53-6 sp005882895, 95.0, 83.73, 0.64; GCA_005881695.1, s__40CM-2-53-6 sp005881695, 95.0, 83.5, 0.61; GCA_005883695.1, s__40CM-2-53-6 sp005883695, 95.0, 82.49, 0.59; GCA_005888755.1, s__40CM-2-53-6 sp005888755, 95.0, 81.3, 0.65; GCA_001918765.1, s__40CM-2-53-6 sp001918765, 95.0, 81.2, 0.52; GCA_005884195.1, s__40CM-2-53-6 sp005884195, 95.0, 80.62, 0.56; GCA_005881615.1, s__40CM-2-53-6 sp005881615, 95.0, 80.56, 0.56	64.53	11	N/A	N/A
GCA_005884635	d__Archaea;p__Thermoproteota;c__Bathyarchaeia;o__40CM-2-53-6;f__40CM-2-53-6;g__40CM-2-53-6;s__40CM-2-53-6 sp001919285	GCA_001919285.1	95.0	d__Archaea;p__Thermoproteota;c__Bathyarchaeia;o__40CM-2-53-6;f__40CM-2-53-6;g__40CM-2-53-6;s__40CM-2-53-6 sp001919285	99.68	0.92	GCA_001919285.1	95.0	d__Archaea;p__Thermoproteota;c__Bathyarchaeia;o__40CM-2-53-6;f__40CM-2-53-6;g__40CM-2-53-6;s__40CM-2-53-6 sp001919285	99.68	0.92	d__Archaea;p__Thermoproteota;c__Bathyarchaeia;o__40CM-2-53-6;f__40CM-2-53-6;g__40CM-2-53-6;s__	taxonomic classification defined by topology and ANI	topological placement and ANI have congruent species assignments	GCA_005882955.1, s__40CM-2-53-6 sp005882955, 95.0, 85.58, 0.8; GCA_005888635.1, s__40CM-2-53-6 sp005888635, 95.0, 85.5, 0.67; GCA_001915065.1, s__40CM-2-53-6 sp001915065, 95.0, 77.96, 0.25; GCA_005882905.1, s__40CM-2-53-6 sp005882905, 95.0, 77.81, 0.27	76.26	11	N/A	N/A
GCA_005888625	d__Archaea;p__Thermoproteota;c__Bathyarchaeia;o__40CM-2-53-6;f__40CM-2-53-6;g__40CM-2-53-6;s__40CM-2-53-6 sp005882955	GCA_005882955.1	95.0	d__Archaea;p__Thermoproteota;c__Bathyarchaeia;o__40CM-2-53-6;f__40CM-2-53-6;g__40CM-2-53-6;s__40CM-2-53-6 sp005882955	97.6	0.69	GCA_005882955.1	95.0	d__Archaea;p__Thermoproteota;c__Bathyarchaeia;o__40CM-2-53-6;f__40CM-2-53-6;g__40CM-2-53-6;s__40CM-2-53-6 sp005882955	97.6	0.69	d__Archaea;p__Thermoproteota;c__Bathyarchaeia;o__40CM-2-53-6;f__40CM-2-53-6;g__40CM-2-53-6;s__	taxonomic classification defined by topology and ANI	topological placement and ANI have congruent species assignments	GCA_005888635.1, s__40CM-2-53-6 sp005888635, 95.0, 92.07, 0.79; GCA_001919285.1, s__40CM-2-53-6 sp001919285, 95.0, 84.99, 0.54; GCA_001915065.1, s__40CM-2-53-6 sp001915065, 95.0, 77.79, 0.21	63.82	11	N/A	N/A
GCA_005888635	d__Archaea;p__Thermoproteota;c__Bathyarchaeia;o__40CM-2-53-6;f__40CM-2-53-6;g__40CM-2-53-6;s__40CM-2-53-6 sp005888635	GCA_005888635.1	95.0	d__Archaea;p__Thermoproteota;c__Bathyarchaeia;o__40CM-2-53-6;f__40CM-2-53-6;g__40CM-2-53-6;s__40CM-2-53-6 sp005888635	100.0	0.99	GCA_005888635.1	95.0	d__Archaea;p__Thermoproteota;c__Bathyarchaeia;o__40CM-2-53-6;f__40CM-2-53-6;g__40CM-2-53-6;s__40CM-2-53-6 sp005888635	100.0	0.99	d__Archaea;p__Thermoproteota;c__Bathyarchaeia;o__40CM-2-53-6;f__40CM-2-53-6;g__40CM-2-53-6;s__	taxonomic classification defined by topology and ANI	topological placement and ANI have congruent species assignments	GCA_005882955.1, s__40CM-2-53-6 sp005882955, 95.0, 91.86, 0.82; GCA_001919285.1, s__40CM-2-53-6 sp001919285, 95.0, 85.43, 0.66; GCA_005882905.1, s__40CM-2-53-6 sp005882905, 95.0, 78.59, 0.29; GCA_001915065.1, s__40CM-2-53-6 sp001915065, 95.0, 77.91, 0.23	81.37	11	N/A	N/A
GCA_005888675	d__Archaea;p__Thermoproteota;c__Bathyarchaeia;o__40CM-2-53-6;f__40CM-2-53-6;g__BA-13;s__BA-13 sp005888675	GCA_005888675.1	95.0	d__Archaea;p__Thermoproteota;c__Bathyarchaeia;o__40CM-2-53-6;f__40CM-2-53-6;g__BA-13;s__BA-13 sp005888675	100.0	0.98	GCA_005888675.1	95.0	d__Archaea;p__Thermoproteota;c__Bathyarchaeia;o__40CM-2-53-6;f__40CM-2-53-6;g__BA-13;s__BA-13 sp005888675	100.0	0.98	d__Archaea;p__Thermoproteota;c__Bathyarchaeia;o__40CM-2-53-6;f__40CM-2-53-6;g__BA-13;s__	taxonomic classification defined by topology and ANI	topological placement and ANI have congruent species assignments	GCA_005888695.1, s__BA-13 sp005888695, 95.0, 94.59, 0.73	71.18	11	N/A	N/A
GCA_005888695	d__Archaea;p__Thermoproteota;c__Bathyarchaeia;o__40CM-2-53-6;f__40CM-2-53-6;g__BA-13;s__BA-13 sp005888695	GCA_005888695.1	95.0	d__Archaea;p__Thermoproteota;c__Bathyarchaeia;o__40CM-2-53-6;f__40CM-2-53-6;g__BA-13;s__BA-13 sp005888695	100.0	0.99	GCA_005888695.1	95.0	d__Archaea;p__Thermoproteota;c__Bathyarchaeia;o__40CM-2-53-6;f__40CM-2-53-6;g__BA-13;s__BA-13 sp005888695	100.0	0.99	d__Archaea;p__Thermoproteota;c__Bathyarchaeia;o__40CM-2-53-6;f__40CM-2-53-6;g__BA-13;s__	taxonomic classification defined by topology and ANI	topological placement and ANI have congruent species assignments	GCA_005888675.1, s__BA-13 sp005888675, 95.0, 94.59, 0.73	72.41	11	N/A	N/A
GCA_005888705	d__Archaea;p__Thermoproteota;c__Bathyarchaeia;o__40CM-2-53-6;f__40CM-2-53-6;g__40CM-2-53-6;s__40CM-2-53-6 sp005882905	GCA_005882905.1	95.0	d__Archaea;p__Thermoproteota;c__Bathyarchaeia;o__40CM-2-53-6;f__40CM-2-53-6;g__40CM-2-53-6;s__40CM-2-53-6 sp005882905	96.29	0.8	GCA_005882905.1	95.0	d__Archaea;p__Thermoproteota;c__Bathyarchaeia;o__40CM-2-53-6;f__40CM-2-53-6;g__40CM-2-53-6;s__40CM-2-53-6 sp005882905	96.29	0.8	d__Archaea;p__Thermoproteota;c__Bathyarchaeia;o__40CM-2-53-6;f__40CM-2-53-6;g__40CM-2-53-6;s__	taxonomic classification defined by topology and ANI	topological placement and ANI have congruent species assignments	GCA_001915065.1, s__40CM-2-53-6 sp001915065, 95.0, 94.56, 0.79; GCA_005888635.1, s__40CM-2-53-6 sp005888635, 95.0, 78.24, 0.28; GCA_002495485.1, s__40CM-2-53-6 sp002495485, 95.0, 77.95, 0.24; GCA_001919285.1, s__40CM-2-53-6 sp001919285, 95.0, 77.91, 0.21	66.12	11	N/A	N/A
GCA_005888745	d__Archaea;p__Thermoproteota;c__Bathyarchaeia;o__40CM-2-53-6;f__40CM-2-53-6;g__40CM-2-53-6;s__40CM-2-53-6 sp005888745	GCA_005888745.1	95.0	d__Archaea;p__Thermoproteota;c__Bathyarchaeia;o__40CM-2-53-6;f__40CM-2-53-6;g__40CM-2-53-6;s__40CM-2-53-6 sp005888745	100.0	1.0	GCA_005888745.1	95.0	d__Archaea;p__Thermoproteota;c__Bathyarchaeia;o__40CM-2-53-6;f__40CM-2-53-6;g__40CM-2-53-6;s__40CM-2-53-6 sp005888745	100.0	1.0	d__Archaea;p__Thermoproteota;c__Bathyarchaeia;o__40CM-2-53-6;f__40CM-2-53-6;g__40CM-2-53-6;s__	taxonomic classification defined by topology and ANI	topological placement and ANI have congruent species assignments	GCA_005883075.1, s__40CM-2-53-6 sp005883075, 95.0, 86.11, 0.76; GCA_005883085.1, s__40CM-2-53-6 sp005883085, 95.0, 85.77, 0.71; GCA_005884605.1, s__40CM-2-53-6 sp005884605, 95.0, 85.74, 0.69; GCA_001918745.1, s__40CM-2-53-6 sp001918745, 95.0, 84.77, 0.79; GCA_005882895.1, s__40CM-2-53-6 sp005882895, 95.0, 82.27, 0.65; GCA_005881695.1, s__40CM-2-53-6 sp005881695, 95.0, 82.0, 0.67; GCA_005883695.1, s__40CM-2-53-6 sp005883695, 95.0, 81.78, 0.72; GCA_005888755.1, s__40CM-2-53-6 sp005888755, 95.0, 80.84, 0.63; GCA_001918765.1, s__40CM-2-53-6 sp001918765, 95.0, 80.67, 0.67; GCA_005884195.1, s__40CM-2-53-6 sp005884195, 95.0, 80.63, 0.62; GCA_005881615.1, s__40CM-2-53-6 sp005881615, 95.0, 80.43, 0.56	76.74	11	N/A	N/A
GCA_005888755	d__Archaea;p__Thermoproteota;c__Bathyarchaeia;o__40CM-2-53-6;f__40CM-2-53-6;g__40CM-2-53-6;s__40CM-2-53-6 sp005888755	GCA_005888755.1	95.0	d__Archaea;p__Thermoproteota;c__Bathyarchaeia;o__40CM-2-53-6;f__40CM-2-53-6;g__40CM-2-53-6;s__40CM-2-53-6 sp005888755	100.0	0.99	GCA_005888755.1	95.0	d__Archaea;p__Thermoproteota;c__Bathyarchaeia;o__40CM-2-53-6;f__40CM-2-53-6;g__40CM-2-53-6;s__40CM-2-53-6 sp005888755	100.0	0.99	d__Archaea;p__Thermoproteota;c__Bathyarchaeia;o__40CM-2-53-6;f__40CM-2-53-6;g__40CM-2-53-6;s__	taxonomic classification defined by topology and ANI	topological placement and ANI have congruent species assignments	GCA_005884195.1, s__40CM-2-53-6 sp005884195, 95.0, 92.03, 0.8; GCA_005881615.1, s__40CM-2-53-6 sp005881615, 95.0, 87.16, 0.71; GCA_001918765.1, s__40CM-2-53-6 sp001918765, 95.0, 85.08, 0.78; GCA_005882895.1, s__40CM-2-53-6 sp005882895, 95.0, 82.46, 0.69; GCA_005883695.1, s__40CM-2-53-6 sp005883695, 95.0, 82.3, 0.73; GCA_005881695.1, s__40CM-2-53-6 sp005881695, 95.0, 82.03, 0.65; GCA_005884605.1, s__40CM-2-53-6 sp005884605, 95.0, 81.4, 0.6; GCA_005883075.1, s__40CM-2-53-6 sp005883075, 95.0, 81.1, 0.66; GCA_005883085.1, s__40CM-2-53-6 sp005883085, 95.0, 81.03, 0.63; GCA_005888745.1, s__40CM-2-53-6 sp005888745, 95.0, 80.84, 0.63; GCA_001918745.1, s__40CM-2-53-6 sp001918745, 95.0, 80.7, 0.65	80.82	11	N/A	N/A
GCA_005888795	d__Archaea;p__Thermoproteota;c__Bathyarchaeia;o__40CM-2-53-6;f__40CM-2-53-6;g__BA-19;s__BA-19 sp005888735	GCA_005888735.1	95.0	d__Archaea;p__Thermoproteota;c__Bathyarchaeia;o__40CM-2-53-6;f__40CM-2-53-6;g__BA-19;s__BA-19 sp005888735	99.58	0.83	GCA_005888735.1	95.0	d__Archaea;p__Thermoproteota;c__Bathyarchaeia;o__40CM-2-53-6;f__40CM-2-53-6;g__BA-19;s__BA-19 sp005888735	99.58	0.83	d__Archaea;p__Thermoproteota;c__Bathyarchaeia;o__40CM-2-53-6;f__40CM-2-53-6;g__;s__	taxonomic classification defined by topology and ANI	topological placement and ANI have congruent species assignments	N/A	70.34	11	N/A	N/A
GCA_007049995	d__Archaea;p__Thermoproteota;c__Bathyarchaeia;o__B26-1;f__UBA233;g__AD8-1;s__AD8-1 sp001273385	GCA_001273385.1	95.0	d__Archaea;p__Thermoproteota;c__Bathyarchaeia;o__B26-1;f__UBA233;g__AD8-1;s__AD8-1 sp001273385	97.45	0.66	GCA_001273385.1	95.0	d__Archaea;p__Thermoproteota;c__Bathyarchaeia;o__B26-1;f__UBA233;g__AD8-1;s__AD8-1 sp001273385	97.45	0.66	d__Archaea;p__Thermoproteota;c__Bathyarchaeia;o__B26-1;f__UBA233;g__AD8-1;s__	taxonomic classification defined by topology and ANI	topological placement and ANI have congruent species assignments	N/A	65.54	11	N/A	N/A
GCA_007050885	d__Archaea;p__Thermoproteota;c__Bathyarchaeia;o__40CM-2-53-6;f__RBG-13-38-9;g__RBG-13-38-9;s__RBG-13-38-9 sp007050885	GCA_007050885.1	95.0	d__Archaea;p__Thermoproteota;c__Bathyarchaeia;o__40CM-2-53-6;f__RBG-13-38-9;g__RBG-13-38-9;s__RBG-13-38-9 sp007050885	100.0	1.0	GCA_007050885.1	95.0	d__Archaea;p__Thermoproteota;c__Bathyarchaeia;o__40CM-2-53-6;f__RBG-13-38-9;g__RBG-13-38-9;s__RBG-13-38-9 sp007050885	100.0	1.0	d__Archaea;p__Thermoproteota;c__Bathyarchaeia;o__40CM-2-53-6;f__RBG-13-38-9;g__RBG-13-38-9;s__	taxonomic classification defined by topology and ANI	topological placement and ANI have congruent species assignments	GCA_001775955.1, s__RBG-13-38-9 sp001775955, 95.0, 91.75, 0.58	65.03	11	N/A	Genome has more than 11.3% of markers with multiple hits
GCA_007050895	d__Archaea;p__Thermoproteota;c__Bathyarchaeia;o__B26-1;f__UBA233;g__SG8-32-3;s__SG8-32-3 sp007050895	GCA_007050895.1	95.0	d__Archaea;p__Thermoproteota;c__Bathyarchaeia;o__B26-1;f__UBA233;g__SG8-32-3;s__SG8-32-3 sp007050895	100.0	0.99	GCA_007050895.1	95.0	d__Archaea;p__Thermoproteota;c__Bathyarchaeia;o__B26-1;f__UBA233;g__SG8-32-3;s__SG8-32-3 sp007050895	100.0	0.99	d__Archaea;p__Thermoproteota;c__Bathyarchaeia;o__B26-1;f__UBA233;g__SG8-32-3;s__	taxonomic classification defined by topology and ANI	topological placement and ANI have congruent species assignments	GCA_016927895.1, s__SG8-32-3 sp016927895, 95.0, 80.87, 0.56; GCA_001273335.1, s__SG8-32-3 sp001273335, 95.0, 79.87, 0.48; GCA_016927015.1, s__SG8-32-3 sp016927015, 95.0, 79.82, 0.47	84.45	11	N/A	N/A
GCA_009776805	d__Archaea;p__Thermoproteota;c__Bathyarchaeia;o__B26-1;f__UBA233;g__PALSA-986;s__PALSA-986 sp009776805	GCA_009776805.1	95.0	d__Archaea;p__Thermoproteota;c__Bathyarchaeia;o__B26-1;f__UBA233;g__PALSA-986;s__PALSA-986 sp009776805	100.0	0.99	GCA_009776805.1	95.0	d__Archaea;p__Thermoproteota;c__Bathyarchaeia;o__B26-1;f__UBA233;g__PALSA-986;s__PALSA-986 sp009776805	100.0	0.99	d__Archaea;p__Thermoproteota;c__Bathyarchaeia;o__B26-1;f__UBA233;g__PALSA-986;s__	taxonomic classification defined by topology and ANI	topological placement and ANI have congruent species assignments	GCA_009779045.1, s__PALSA-986 sp009779045, 95.0, 79.45, 0.52; GCA_009781395.1, s__PALSA-986 sp009781395, 95.0, 79.32, 0.44; GCA_009778385.1, s__PALSA-986 sp009778385, 95.0, 78.96, 0.36; GCA_009787585.1, s__PALSA-986 sp009787585, 95.0, 78.69, 0.43; GCA_009787175.1, s__PALSA-986 sp009787175, 95.0, 78.14, 0.36	95.71	11	N/A	N/A
GCA_009778385	d__Archaea;p__Thermoproteota;c__Bathyarchaeia;o__B26-1;f__UBA233;g__PALSA-986;s__PALSA-986 sp009778385	GCA_009778385.1	95.0	d__Archaea;p__Thermoproteota;c__Bathyarchaeia;o__B26-1;f__UBA233;g__PALSA-986;s__PALSA-986 sp009778385	100.0	0.99	GCA_009778385.1	95.0	d__Archaea;p__Thermoproteota;c__Bathyarchaeia;o__B26-1;f__UBA233;g__PALSA-986;s__PALSA-986 sp009778385	100.0	0.99	d__Archaea;p__Thermoproteota;c__Bathyarchaeia;o__B26-1;f__UBA233;g__PALSA-986;s__	taxonomic classification defined by topology and ANI	topological placement and ANI have congruent species assignments	GCA_009781395.1, s__PALSA-986 sp009781395, 95.0, 80.0, 0.47; GCA_009779045.1, s__PALSA-986 sp009779045, 95.0, 79.92, 0.58; GCA_009787585.1, s__PALSA-986 sp009787585, 95.0, 79.14, 0.46; GCA_009776805.1, s__PALSA-986 sp009776805, 95.0, 78.96, 0.36; GCA_009787175.1, s__PALSA-986 sp009787175, 95.0, 78.92, 0.48	94.7	11	N/A	N/A
GCA_009778815	d__Archaea;p__Thermoproteota;c__Bathyarchaeia;o__B26-1;f__UBA233;g__PALSA-986;s__PALSA-986 sp009783705	GCA_009783705.1	95.0	d__Archaea;p__Thermoproteota;c__Bathyarchaeia;o__B26-1;f__UBA233;g__PALSA-986;s__PALSA-986 sp009783705	99.94	0.98	GCA_009783705.1	95.0	d__Archaea;p__Thermoproteota;c__Bathyarchaeia;o__B26-1;f__UBA233;g__PALSA-986;s__PALSA-986 sp009783705	99.94	0.98	d__Archaea;p__Thermoproteota;c__Bathyarchaeia;o__B26-1;f__UBA233;g__PALSA-986;s__	taxonomic classification defined by topology and ANI	topological placement and ANI have congruent species assignments	GCA_009781675.1, s__PALSA-986 sp009781675, 95.0, 81.72, 0.64; GCA_011367965.1, s__PALSA-986 sp011367965, 95.0, 77.86, 0.2	94.96	11	N/A	N/A
GCA_009779045	d__Archaea;p__Thermoproteota;c__Bathyarchaeia;o__B26-1;f__UBA233;g__PALSA-986;s__PALSA-986 sp009779045	GCA_009779045.1	95.0	d__Archaea;p__Thermoproteota;c__Bathyarchaeia;o__B26-1;f__UBA233;g__PALSA-986;s__PALSA-986 sp009779045	100.0	0.99	GCA_009779045.1	95.0	d__Archaea;p__Thermoproteota;c__Bathyarchaeia;o__B26-1;f__UBA233;g__PALSA-986;s__PALSA-986 sp009779045	100.0	0.99	d__Archaea;p__Thermoproteota;c__Bathyarchaeia;o__B26-1;f__UBA233;g__PALSA-986;s__	taxonomic classification defined by topology and ANI	topological placement and ANI have congruent species assignments	GCA_009781395.1, s__PALSA-986 sp009781395, 95.0, 82.6, 0.74; GCA_009787585.1, s__PALSA-986 sp009787585, 95.0, 81.0, 0.63; GCA_009778385.1, s__PALSA-986 sp009778385, 95.0, 79.92, 0.58; GCA_009776805.1, s__PALSA-986 sp009776805, 95.0, 79.45, 0.52; GCA_009787175.1, s__PALSA-986 sp009787175, 95.0, 79.2, 0.47	91.8	11	N/A	N/A
GCA_009781395	d__Archaea;p__Thermoproteota;c__Bathyarchaeia;o__B26-1;f__UBA233;g__PALSA-986;s__PALSA-986 sp009781395	GCA_009781395.1	95.0	d__Archaea;p__Thermoproteota;c__Bathyarchaeia;o__B26-1;f__UBA233;g__PALSA-986;s__PALSA-986 sp009781395	100.0	0.99	GCA_009781395.1	95.0	d__Archaea;p__Thermoproteota;c__Bathyarchaeia;o__B26-1;f__UBA233;g__PALSA-986;s__PALSA-986 sp009781395	100.0	0.99	d__Archaea;p__Thermoproteota;c__Bathyarchaeia;o__B26-1;f__UBA233;g__PALSA-986;s__	taxonomic classification defined by topology and ANI	topological placement and ANI have congruent species assignments	GCA_009779045.1, s__PALSA-986 sp009779045, 95.0, 82.6, 0.74; GCA_009787585.1, s__PALSA-986 sp009787585, 95.0, 81.08, 0.59; GCA_009778385.1, s__PALSA-986 sp009778385, 95.0, 80.0, 0.47; GCA_009776805.1, s__PALSA-986 sp009776805, 95.0, 79.32, 0.44; GCA_009787175.1, s__PALSA-986 sp009787175, 95.0, 78.71, 0.48	92.09	11	N/A	N/A
GCA_009781675	d__Archaea;p__Thermoproteota;c__Bathyarchaeia;o__B26-1;f__UBA233;g__PALSA-986;s__PALSA-986 sp009781675	GCA_009781675.1	95.0	d__Archaea;p__Thermoproteota;c__Bathyarchaeia;o__B26-1;f__UBA233;g__PALSA-986;s__PALSA-986 sp009781675	100.0	0.99	GCA_009781675.1	95.0	d__Archaea;p__Thermoproteota;c__Bathyarchaeia;o__B26-1;f__UBA233;g__PALSA-986;s__PALSA-986 sp009781675	100.0	0.99	d__Archaea;p__Thermoproteota;c__Bathyarchaeia;o__B26-1;f__UBA233;g__PALSA-986;s__	taxonomic classification defined by topology and ANI	topological placement and ANI have congruent species assignments	GCA_009783705.1, s__PALSA-986 sp009783705, 95.0, 81.56, 0.62; GCA_011332615.1, s__PALSA-986 sp011332615, 95.0, 77.34, 0.2; GCA_011367965.1, s__PALSA-986 sp011367965, 95.0, 77.3, 0.2	95.51	11	N/A	N/A
GCA_009786255	d__Archaea;p__Thermoproteota;c__Bathyarchaeia;o__B26-1;f__UBA233;g__PALSA-986;s__PALSA-986 sp009787585	GCA_009787585.1	95.0	d__Archaea;p__Thermoproteota;c__Bathyarchaeia;o__B26-1;f__UBA233;g__PALSA-986;s__PALSA-986 sp009787585	99.88	0.93	GCA_009787585.1	95.0	d__Archaea;p__Thermoproteota;c__Bathyarchaeia;o__B26-1;f__UBA233;g__PALSA-986;s__PALSA-986 sp009787585	99.88	0.93	d__Archaea;p__Thermoproteota;c__Bathyarchaeia;o__B26-1;f__UBA233;g__PALSA-986;s__	taxonomic classification defined by topology and ANI	topological placement and ANI have congruent species assignments	GCA_009781395.1, s__PALSA-986 sp009781395, 95.0, 81.04, 0.58; GCA_009779045.1, s__PALSA-986 sp009779045, 95.0, 80.89, 0.64; GCA_009778385.1, s__PALSA-986 sp009778385, 95.0, 79.12, 0.44; GCA_009776805.1, s__PALSA-986 sp009776805, 95.0, 78.56, 0.41; GCA_009787175.1, s__PALSA-986 sp009787175, 95.0, 78.55, 0.43	95.73	11	N/A	N/A
GCA_009787175	d__Archaea;p__Thermoproteota;c__Bathyarchaeia;o__B26-1;f__UBA233;g__PALSA-986;s__PALSA-986 sp009787175	GCA_009787175.1	95.0	d__Archaea;p__Thermoproteota;c__Bathyarchaeia;o__B26-1;f__UBA233;g__PALSA-986;s__PALSA-986 sp009787175	100.0	0.99	GCA_009787175.1	95.0	d__Archaea;p__Thermoproteota;c__Bathyarchaeia;o__B26-1;f__UBA233;g__PALSA-986;s__PALSA-986 sp009787175	100.0	0.99	d__Archaea;p__Thermoproteota;c__Bathyarchaeia;o__B26-1;f__UBA233;g__PALSA-986;s__	taxonomic classification defined by topology and ANI	topological placement and ANI have congruent species assignments	GCA_009779045.1, s__PALSA-986 sp009779045, 95.0, 79.2, 0.47; GCA_009778385.1, s__PALSA-986 sp009778385, 95.0, 78.92, 0.48; GCA_009781395.1, s__PALSA-986 sp009781395, 95.0, 78.71, 0.48; GCA_009787585.1, s__PALSA-986 sp009787585, 95.0, 78.55, 0.43; GCA_009776805.1, s__PALSA-986 sp009776805, 95.0, 78.14, 0.36	95.68	11	N/A	N/A
GCA_009889585	d__Archaea;p__Thermoproteota;c__Bathyarchaeia;o__B26-1;f__WUQV01;g__WUQV01;s__WUQV01 sp009889585	GCA_009889585.1	95.0	d__Archaea;p__Thermoproteota;c__Bathyarchaeia;o__B26-1;f__WUQV01;g__WUQV01;s__WUQV01 sp009889585	100.0	0.99	GCA_009889585.1	95.0	d__Archaea;p__Thermoproteota;c__Bathyarchaeia;o__B26-1;f__WUQV01;g__WUQV01;s__WUQV01 sp009889585	100.0	0.99	d__Archaea;p__Thermoproteota;c__Bathyarchaeia;o__B26-1;f__;g__;s__	taxonomic classification defined by topology and ANI	topological placement and ANI have congruent species assignments	N/A	85.12	11	N/A	N/A
GCA_011039475	d__Archaea;p__Thermoproteota;c__Bathyarchaeia;o__B26-1;f__UBA233;g__JdFR-07;s__JdFR-07 sp003601605	GCA_003601605.1	95.0	d__Archaea;p__Thermoproteota;c__Bathyarchaeia;o__B26-1;f__UBA233;g__JdFR-07;s__JdFR-07 sp003601605	98.45	0.83	GCA_003601605.1	95.0	d__Archaea;p__Thermoproteota;c__Bathyarchaeia;o__B26-1;f__UBA233;g__JdFR-07;s__JdFR-07 sp003601605	98.45	0.83	d__Archaea;p__Thermoproteota;c__Bathyarchaeia;o__B26-1;f__UBA233;g__JdFR-07;s__	taxonomic classification defined by topology and ANI	topological placement and ANI have congruent species assignments	GCA_002010975.1, s__JdFR-07 sp002010975, 95.0, 78.7, 0.43	57.03	11	N/A	N/A
GCA_011040545	d__Archaea;p__Thermoproteota;c__Bathyarchaeia;o__EX4484-135;f__EX4484-135;g__EX4484-135;s__EX4484-135 sp011040545	GCA_011040545.1	95.0	d__Archaea;p__Thermoproteota;c__Bathyarchaeia;o__EX4484-135;f__EX4484-135;g__EX4484-135;s__EX4484-135 sp011040545	100.0	0.99	GCA_011040545.1	95.0	d__Archaea;p__Thermoproteota;c__Bathyarchaeia;o__EX4484-135;f__EX4484-135;g__EX4484-135;s__EX4484-135 sp011040545	100.0	0.99	d__Archaea;p__Thermoproteota;c__Bathyarchaeia;o__EX4484-135;f__EX4484-135;g__EX4484-135;s__	taxonomic classification defined by topology and ANI	topological placement and ANI have congruent species assignments	N/A	72.28	11	N/A	N/A
GCA_011040605	d__Archaea;p__Thermoproteota;c__Bathyarchaeia;o__B26-1;f__UBA233;g__UBA233;s__UBA233 sp003661945	GCA_003661945.1	95.0	d__Archaea;p__Thermoproteota;c__Bathyarchaeia;o__B26-1;f__UBA233;g__UBA233;s__UBA233 sp003661945	98.39	0.76	GCA_003661945.1	95.0	d__Archaea;p__Thermoproteota;c__Bathyarchaeia;o__B26-1;f__UBA233;g__UBA233;s__UBA233 sp003661945	98.39	0.76	d__Archaea;p__Thermoproteota;c__Bathyarchaeia;o__B26-1;f__UBA233;g__UBA233;s__	taxonomic classification defined by topology and ANI	topological placement and ANI have congruent species assignments	GCA_002507245.1, s__UBA233 sp002507245, 95.0, 77.47, 0.24	80.21	11	N/A	N/A
GCA_011042105	d__Archaea;p__Thermoproteota;c__Bathyarchaeia;o__B26-1;f__B26-1;g__B26-1;s__B26-1 sp001593925	GCA_001593925.1	95.0	d__Archaea;p__Thermoproteota;c__Bathyarchaeia;o__B26-1;f__B26-1;g__B26-1;s__B26-1 sp001593925	95.54	0.88	GCA_001593925.1	95.0	d__Archaea;p__Thermoproteota;c__Bathyarchaeia;o__B26-1;f__B26-1;g__B26-1;s__B26-1 sp001593925	95.54	0.88	d__Archaea;p__Thermoproteota;c__Bathyarchaeia;o__B26-1;f__B26-1;g__B26-1;s__	taxonomic classification defined by topology and ANI	topological placement and ANI have congruent species assignments	GCA_001593935.1, s__B26-1 sp001593935, 95.0, 79.95, 0.64	44.43	11	N/A	N/A
GCA_012515445	d__Archaea;p__Thermoproteota;c__Bathyarchaeia;o__B26-1;f__UBA233;g__PALSA-986;s__PALSA-986 sp012515445	GCA_012515445.1	95.0	d__Archaea;p__Thermoproteota;c__Bathyarchaeia;o__B26-1;f__UBA233;g__PALSA-986;s__PALSA-986 sp012515445	100.0	0.99	GCA_012515445.1	95.0	d__Archaea;p__Thermoproteota;c__Bathyarchaeia;o__B26-1;f__UBA233;g__PALSA-986;s__PALSA-986 sp012515445	100.0	0.99	d__Archaea;p__Thermoproteota;c__Bathyarchaeia;o__B26-1;f__UBA233;g__PALSA-986;s__	taxonomic classification defined by topology and ANI	topological placement and ANI have congruent species assignments	GCA_011367965.1, s__PALSA-986 sp011367965, 95.0, 78.13, 0.33; GCA_011332615.1, s__PALSA-986 sp011332615, 95.0, 78.03, 0.32; GCA_903901015.1, s__PALSA-986 sp903901015, 95.0, 77.28, 0.23	93.66	11	N/A	N/A
GCA_013329615	d__Archaea;p__Thermoproteota;c__Bathyarchaeia;o__TCS64;f__TCS64;g__UBA8941;s__UBA8941 sp8941u	GCA_013329615.1	95.0	d__Archaea;p__Thermoproteota;c__Bathyarchaeia;o__TCS64;f__TCS64;g__UBA8941;s__UBA8941 sp8941u	100.0	0.99	GCA_013329615.1	95.0	d__Archaea;p__Thermoproteota;c__Bathyarchaeia;o__TCS64;f__TCS64;g__UBA8941;s__UBA8941 sp8941u	100.0	0.99	d__Archaea;p__Thermoproteota;c__Bathyarchaeia;o__TCS64;f__TCS64;g__UBA8941;s__	taxonomic classification defined by topology and ANI	topological placement and ANI have congruent species assignments	GCA_017883585.1, s__UBA8941 sp017883585, 95.0, 80.73, 0.46; GCA_001774245.1, s__UBA8941 sp001774245, 95.0, 78.55, 0.32	69.42	11	N/A	N/A
GCA_013330975	d__Archaea;p__Thermoproteota;c__Bathyarchaeia;o__B26-1;f__UBA233;g__UBA11855;s__UBA11855 sp11852u	GCA_013330975.1	95.0	d__Archaea;p__Thermoproteota;c__Bathyarchaeia;o__B26-1;f__UBA233;g__UBA11855;s__UBA11855 sp11852u	100.0	0.99	GCA_013330975.1	95.0	d__Archaea;p__Thermoproteota;c__Bathyarchaeia;o__B26-1;f__UBA233;g__UBA11855;s__UBA11855 sp11852u	100.0	0.99	d__Archaea;p__Thermoproteota;c__Bathyarchaeia;o__B26-1;f__UBA233;g__;s__	taxonomic classification defined by topology and ANI	topological placement and ANI have congruent species assignments	N/A	64.41	11	N/A	N/A
GCA_013388895	d__Archaea;p__Thermoproteota;c__Bathyarchaeia;o__B26-1;f__UBA233;g__JACAEI01;s__JACAEI01 sp013388895	GCA_013388895.1	95.0	d__Archaea;p__Thermoproteota;c__Bathyarchaeia;o__B26-1;f__UBA233;g__JACAEI01;s__JACAEI01 sp013388895	100.0	0.99	GCA_013388895.1	95.0	d__Archaea;p__Thermoproteota;c__Bathyarchaeia;o__B26-1;f__UBA233;g__JACAEI01;s__JACAEI01 sp013388895	100.0	0.99	d__Archaea;p__Thermoproteota;c__Bathyarchaeia;o__B26-1;f__UBA233;g__JACAEI01;s__	taxonomic classification defined by topology and ANI	topological placement and ANI have congruent species assignments	GCA_013388905.1, s__JACAEI01 sp013388905, 95.0, 80.01, 0.63	89.01	11	N/A	N/A
GCA_013388905	d__Archaea;p__Thermoproteota;c__Bathyarchaeia;o__B26-1;f__UBA233;g__JACAEI01;s__JACAEI01 sp013388905	GCA_013388905.1	95.0	d__Archaea;p__Thermoproteota;c__Bathyarchaeia;o__B26-1;f__UBA233;g__JACAEI01;s__JACAEI01 sp013388905	100.0	0.99	GCA_013388905.1	95.0	d__Archaea;p__Thermoproteota;c__Bathyarchaeia;o__B26-1;f__UBA233;g__JACAEI01;s__JACAEI01 sp013388905	100.0	0.99	d__Archaea;p__Thermoproteota;c__Bathyarchaeia;o__B26-1;f__UBA233;g__JACAEI01;s__	taxonomic classification defined by topology and ANI	topological placement and ANI have congruent species assignments	GCA_013388895.1, s__JACAEI01 sp013388895, 95.0, 80.01, 0.63	86.99	11	N/A	N/A
GCA_013619005	d__Archaea;p__Thermoproteota;c__Bathyarchaeia;o__TCS64;f__TCS64;g__RBG-16-57-9;s__RBG-16-57-9 sp013619005	GCA_013619005.1	95.0	d__Archaea;p__Thermoproteota;c__Bathyarchaeia;o__TCS64;f__TCS64;g__RBG-16-57-9;s__RBG-16-57-9 sp013619005	100.0	0.99	GCA_013619005.1	95.0	d__Archaea;p__Thermoproteota;c__Bathyarchaeia;o__TCS64;f__TCS64;g__RBG-16-57-9;s__RBG-16-57-9 sp013619005	100.0	0.99	d__Archaea;p__Thermoproteota;c__Bathyarchaeia;o__TCS64;f__TCS64;g__RBG-16-57-9;s__	taxonomic classification defined by topology and ANI	topological placement and ANI have congruent species assignments	GCA_018652685.1, s__RBG-16-57-9 sp018652685, 95.0, 81.98, 0.79; GCA_016934355.1, s__RBG-16-57-9 sp016934355, 95.0, 76.72, 0.24	70.26	11	N/A	N/A
GCA_014729945	d__Archaea;p__Thermoproteota;c__Bathyarchaeia;o__TCS64;f__TCS64;g__RBG-16-57-9;s__RBG-16-57-9 sp014729945	GCA_014729945.1	95.0	d__Archaea;p__Thermoproteota;c__Bathyarchaeia;o__TCS64;f__TCS64;g__RBG-16-57-9;s__RBG-16-57-9 sp014729945	100.0	0.99	GCA_014729945.1	95.0	d__Archaea;p__Thermoproteota;c__Bathyarchaeia;o__TCS64;f__TCS64;g__RBG-16-57-9;s__RBG-16-57-9 sp014729945	100.0	0.99	d__Archaea;p__Thermoproteota;c__Bathyarchaeia;o__TCS64;f__TCS64;g__RBG-16-57-9;s__	taxonomic classification defined by topology and ANI	topological placement and ANI have congruent species assignments	N/A	71.83	11	N/A	N/A
GCA_014730055	d__Archaea;p__Thermoproteota;c__Bathyarchaeia;o__TCS64;f__TCS64;g__RBG-16-57-9;s__RBG-16-57-9 sp014730055	GCA_014730055.1	95.0	d__Archaea;p__Thermoproteota;c__Bathyarchaeia;o__TCS64;f__TCS64;g__RBG-16-57-9;s__RBG-16-57-9 sp014730055	100.0	0.98	GCA_014730055.1	95.0	d__Archaea;p__Thermoproteota;c__Bathyarchaeia;o__TCS64;f__TCS64;g__RBG-16-57-9;s__RBG-16-57-9 sp014730055	100.0	0.98	d__Archaea;p__Thermoproteota;c__Bathyarchaeia;o__TCS64;f__TCS64;g__RBG-16-57-9;s__	taxonomic classification defined by topology and ANI	topological placement and ANI have congruent species assignments	N/A	67.64	11	N/A	Genome has more than 11.3% of markers with multiple hits
GCA_014859805	d__Archaea;p__Thermoproteota;c__Bathyarchaeia;o__B26-1;f__UBA233;g__SOJA01;s__SOJA01 sp014859805	GCA_014859805.1	95.0	d__Archaea;p__Thermoproteota;c__Bathyarchaeia;o__B26-1;f__UBA233;g__SOJA01;s__SOJA01 sp014859805	100.0	0.98	GCA_014859805.1	95.0	d__Archaea;p__Thermoproteota;c__Bathyarchaeia;o__B26-1;f__UBA233;g__SOJA01;s__SOJA01 sp014859805	100.0	0.98	d__Archaea;p__Thermoproteota;c__Bathyarchaeia;o__B26-1;f__UBA233;g__SOJA01;s__	taxonomic classification defined by topology and ANI	topological placement and ANI have congruent species assignments	GCA_004376975.1, s__SOJA01 sp004376975, 95.0, 80.28, 0.56	91.12	11	N/A	N/A
GCA_015520475	d__Archaea;p__Thermoproteota;c__Bathyarchaeia;o__B26-1;f__B26-1;g__WAQA01;s__WAQA01 sp015520475	GCA_015520475.1	95.0	d__Archaea;p__Thermoproteota;c__Bathyarchaeia;o__B26-1;f__B26-1;g__WAQA01;s__WAQA01 sp015520475	100.0	0.98	GCA_015520475.1	95.0	d__Archaea;p__Thermoproteota;c__Bathyarchaeia;o__B26-1;f__B26-1;g__WAQA01;s__WAQA01 sp015520475	100.0	0.98	d__Archaea;p__Thermoproteota;c__Bathyarchaeia;o__B26-1;f__B26-1;g__;s__	taxonomic classification defined by topology and ANI	topological placement and ANI have congruent species assignments	N/A	79.54	11	N/A	N/A
GCA_016649625	d__Archaea;p__Thermoproteota;c__Bathyarchaeia;o__B26-1;f__UBA233;g__AD8-1;s__AD8-1 sp016649625	GCA_016649625.1	95.0	d__Archaea;p__Thermoproteota;c__Bathyarchaeia;o__B26-1;f__UBA233;g__AD8-1;s__AD8-1 sp016649625	100.0	0.97	GCA_016649625.1	95.0	d__Archaea;p__Thermoproteota;c__Bathyarchaeia;o__B26-1;f__UBA233;g__AD8-1;s__AD8-1 sp016649625	100.0	0.97	d__Archaea;p__Thermoproteota;c__Bathyarchaeia;o__B26-1;f__UBA233;g__AD8-1;s__	taxonomic classification defined by topology and ANI	topological placement and ANI have congruent species assignments	GCA_001273385.1, s__AD8-1 sp001273385, 95.0, 77.5, 0.34	50.85	11	N/A	N/A
GCA_016783455	d__Archaea;p__Thermoproteota;c__Bathyarchaeia;o__TCS64;f__TCS64;g__BS750m-G28;s__BS750m-G28 sp016783455	GCA_016783455.1	95.0	d__Archaea;p__Thermoproteota;c__Bathyarchaeia;o__TCS64;f__TCS64;g__BS750m-G28;s__BS750m-G28 sp016783455	100.0	1.0	GCA_016783455.1	95.0	d__Archaea;p__Thermoproteota;c__Bathyarchaeia;o__TCS64;f__TCS64;g__BS750m-G28;s__BS750m-G28 sp016783455	100.0	1.0	d__Archaea;p__Thermoproteota;c__Bathyarchaeia;o__TCS64;f__TCS64;g__;s__	taxonomic classification defined by topology and ANI	topological placement and ANI have congruent species assignments	N/A	65.51	11	N/A	N/A
GCA_016783485	d__Archaea;p__Thermoproteota;c__Bathyarchaeia;o__TCS64;f__TCS64;g__GCA-2726865;s__GCA-2726865 sp014381835	GCA_016783485.1	95.0	d__Archaea;p__Thermoproteota;c__Bathyarchaeia;o__TCS64;f__TCS64;g__GCA-2726865;s__GCA-2726865 sp014381835	100.0	0.98	GCA_016783485.1	95.0	d__Archaea;p__Thermoproteota;c__Bathyarchaeia;o__TCS64;f__TCS64;g__GCA-2726865;s__GCA-2726865 sp014381835	100.0	0.98	d__Archaea;p__Thermoproteota;c__Bathyarchaeia;o__TCS64;f__TCS64;g__GCA-2726865;s__	taxonomic classification defined by topology and ANI	topological placement and ANI have congruent species assignments	GCA_002726865.1, s__GCA-2726865 sp002726865, 95.0, 78.32, 0.3	66.66	11	N/A	N/A
GCA_016867505	d__Archaea;p__Thermoproteota;c__Bathyarchaeia;o__TCS64;f__TCS64;g__UBA8941;s__UBA8941 sp016867505	GCA_016867505.1	95.0	d__Archaea;p__Thermoproteota;c__Bathyarchaeia;o__TCS64;f__TCS64;g__UBA8941;s__UBA8941 sp016867505	100.0	0.98	GCA_016867505.1	95.0	d__Archaea;p__Thermoproteota;c__Bathyarchaeia;o__TCS64;f__TCS64;g__UBA8941;s__UBA8941 sp016867505	100.0	0.98	d__Archaea;p__Thermoproteota;c__Bathyarchaeia;o__TCS64;f__TCS64;g__UBA8941;s__	taxonomic classification defined by topology and ANI	topological placement and ANI have congruent species assignments	GCA_016930055.1, s__UBA8941 sp016930055, 95.0, 77.5, 0.31	72.87	11	N/A	N/A
GCA_016927015	d__Archaea;p__Thermoproteota;c__Bathyarchaeia;o__B26-1;f__UBA233;g__SG8-32-3;s__SG8-32-3 sp016927015	GCA_016927015.1	95.0	d__Archaea;p__Thermoproteota;c__Bathyarchaeia;o__B26-1;f__UBA233;g__SG8-32-3;s__SG8-32-3 sp016927015	100.0	0.99	GCA_016927015.1	95.0	d__Archaea;p__Thermoproteota;c__Bathyarchaeia;o__B26-1;f__UBA233;g__SG8-32-3;s__SG8-32-3 sp016927015	100.0	0.99	d__Archaea;p__Thermoproteota;c__Bathyarchaeia;o__B26-1;f__UBA233;g__SG8-32-3;s__	taxonomic classification defined by topology and ANI	topological placement and ANI have congruent species assignments	GCA_016927895.1, s__SG8-32-3 sp016927895, 95.0, 83.1, 0.66; GCA_001273335.1, s__SG8-32-3 sp001273335, 95.0, 83.0, 0.72; GCA_007050895.1, s__SG8-32-3 sp007050895, 95.0, 79.82, 0.47	78.95	11	N/A	N/A
GCA_016927895	d__Archaea;p__Thermoproteota;c__Bathyarchaeia;o__B26-1;f__UBA233;g__SG8-32-3;s__SG8-32-3 sp016927895	GCA_016927895.1	95.0	d__Archaea;p__Thermoproteota;c__Bathyarchaeia;o__B26-1;f__UBA233;g__SG8-32-3;s__SG8-32-3 sp016927895	100.0	1.0	GCA_016927895.1	95.0	d__Archaea;p__Thermoproteota;c__Bathyarchaeia;o__B26-1;f__UBA233;g__SG8-32-3;s__SG8-32-3 sp016927895	100.0	1.0	d__Archaea;p__Thermoproteota;c__Bathyarchaeia;o__B26-1;f__UBA233;g__SG8-32-3;s__	taxonomic classification defined by topology and ANI	topological placement and ANI have congruent species assignments	GCA_016927015.1, s__SG8-32-3 sp016927015, 95.0, 83.1, 0.66; GCA_001273335.1, s__SG8-32-3 sp001273335, 95.0, 82.37, 0.64; GCA_007050895.1, s__SG8-32-3 sp007050895, 95.0, 80.87, 0.56	79.86	11	N/A	N/A
GCA_016930055	d__Archaea;p__Thermoproteota;c__Bathyarchaeia;o__TCS64;f__TCS64;g__UBA8941;s__UBA8941 sp016930055	GCA_016930055.1	95.0	d__Archaea;p__Thermoproteota;c__Bathyarchaeia;o__TCS64;f__TCS64;g__UBA8941;s__UBA8941 sp016930055	100.0	0.99	GCA_016930055.1	95.0	d__Archaea;p__Thermoproteota;c__Bathyarchaeia;o__TCS64;f__TCS64;g__UBA8941;s__UBA8941 sp016930055	100.0	0.99	d__Archaea;p__Thermoproteota;c__Bathyarchaeia;o__TCS64;f__TCS64;g__UBA8941;s__	taxonomic classification defined by topology and ANI	topological placement and ANI have congruent species assignments	GCA_016867505.1, s__UBA8941 sp016867505, 95.0, 77.5, 0.31	77.56	11	N/A	N/A
GCA_016934355	d__Archaea;p__Thermoproteota;c__Bathyarchaeia;o__TCS64;f__TCS64;g__RBG-16-57-9;s__RBG-16-57-9 sp016934355	GCA_016934355.1	95.0	d__Archaea;p__Thermoproteota;c__Bathyarchaeia;o__TCS64;f__TCS64;g__RBG-16-57-9;s__RBG-16-57-9 sp016934355	100.0	0.99	GCA_016934355.1	95.0	d__Archaea;p__Thermoproteota;c__Bathyarchaeia;o__TCS64;f__TCS64;g__RBG-16-57-9;s__RBG-16-57-9 sp016934355	100.0	0.99	d__Archaea;p__Thermoproteota;c__Bathyarchaeia;o__TCS64;f__TCS64;g__RBG-16-57-9;s__	taxonomic classification defined by topology and ANI	topological placement and ANI have congruent species assignments	GCA_001775965.1, s__RBG-16-57-9 sp001775965, 95.0, 78.05, 0.39; GCA_013619005.1, s__RBG-16-57-9 sp013619005, 95.0, 76.72, 0.24	69.7	11	N/A	N/A
GCA_017883585	d__Archaea;p__Thermoproteota;c__Bathyarchaeia;o__TCS64;f__TCS64;g__UBA8941;s__UBA8941 sp017883585	GCA_017883585.1	95.0	d__Archaea;p__Thermoproteota;c__Bathyarchaeia;o__TCS64;f__TCS64;g__UBA8941;s__UBA8941 sp017883585	100.0	0.99	GCA_017883585.1	95.0	d__Archaea;p__Thermoproteota;c__Bathyarchaeia;o__TCS64;f__TCS64;g__UBA8941;s__UBA8941 sp017883585	100.0	0.99	d__Archaea;p__Thermoproteota;c__Bathyarchaeia;o__TCS64;f__TCS64;g__UBA8941;s__	taxonomic classification defined by topology and ANI	topological placement and ANI have congruent species assignments	GCA_013329615.1, s__UBA8941 sp8941u, 95.0, 80.73, 0.46; GCA_001774245.1, s__UBA8941 sp001774245, 95.0, 78.21, 0.33	59.8	11	N/A	N/A
GCA_017883615	d__Archaea;p__Thermoproteota;c__Bathyarchaeia;o__B26-1;f__UBA233;g__JADGNF01;s__JADGNF01 sp017883615	GCA_017883615.1	95.0	d__Archaea;p__Thermoproteota;c__Bathyarchaeia;o__B26-1;f__UBA233;g__JADGNF01;s__JADGNF01 sp017883615	100.0	0.99	GCA_017883615.1	95.0	d__Archaea;p__Thermoproteota;c__Bathyarchaeia;o__B26-1;f__UBA233;g__JADGNF01;s__JADGNF01 sp017883615	100.0	0.99	d__Archaea;p__Thermoproteota;c__Bathyarchaeia;o__B26-1;f__UBA233;g__;s__	taxonomic classification defined by topology and ANI	topological placement and ANI have congruent species assignments	N/A	78.32	11	N/A	N/A
GCA_018396395	d__Archaea;p__Thermoproteota;c__Bathyarchaeia;o__B24;f__JAGTQN01;g__JAGTQN01;s__JAGTQN01 sp018396395	GCA_018396395.1	95.0	d__Archaea;p__Thermoproteota;c__Bathyarchaeia;o__B24;f__JAGTQN01;g__JAGTQN01;s__JAGTQN01 sp018396395	100.0	0.98	GCA_018396395.1	95.0	d__Archaea;p__Thermoproteota;c__Bathyarchaeia;o__B24;f__JAGTQN01;g__JAGTQN01;s__JAGTQN01 sp018396395	100.0	0.98	d__Archaea;p__Thermoproteota;c__Bathyarchaeia;o__B24;f__;g__;s__	taxonomic classification defined by topology and ANI	topological placement and ANI have congruent species assignments	N/A	89.49	11	N/A	N/A
GCA_018396405	d__Archaea;p__Thermoproteota;c__Bathyarchaeia;o__B26-1;f__B26-1;g__DTEX01;s__DTEX01 sp018396405	GCA_018396405.1	95.0	d__Archaea;p__Thermoproteota;c__Bathyarchaeia;o__B26-1;f__B26-1;g__DTEX01;s__DTEX01 sp018396405	100.0	0.99	GCA_018396405.1	95.0	d__Archaea;p__Thermoproteota;c__Bathyarchaeia;o__B26-1;f__B26-1;g__DTEX01;s__DTEX01 sp018396405	100.0	0.99	d__Archaea;p__Thermoproteota;c__Bathyarchaeia;o__B26-1;f__B26-1;g__DTEX01;s__	taxonomic classification defined by topology and ANI	topological placement and ANI have congruent species assignments	GCA_011363945.1, s__DTEX01 sp011363945, 95.0, 78.02, 0.35; GCA_018396995.1, s__DTEX01 sp018396995, 95.0, 77.72, 0.32	96.24	11	N/A	N/A
GCA_018396415	d__Archaea;p__Thermoproteota;c__Bathyarchaeia;o__RBG-16-48-13;f__JAGTRE01;g__JAGTRE01;s__JAGTRE01 sp018396415	GCA_018396415.1	95.0	d__Archaea;p__Thermoproteota;c__Bathyarchaeia;o__RBG-16-48-13;f__JAGTRE01;g__JAGTRE01;s__JAGTRE01 sp018396415	100.0	1.0	GCA_018396415.1	95.0	d__Archaea;p__Thermoproteota;c__Bathyarchaeia;o__RBG-16-48-13;f__JAGTRE01;g__JAGTRE01;s__JAGTRE01 sp018396415	100.0	1.0	d__Archaea;p__Thermoproteota;c__Bathyarchaeia;o__RBG-16-48-13;f__;g__;s__	taxonomic classification defined by topology and ANI	topological placement and ANI have congruent species assignments	N/A	95.99	11	N/A	N/A
GCA_018396435	d__Archaea;p__Thermoproteota;c__Bathyarchaeia;o__B26-1;f__B26-1;g__DTEX01;s__DTEX01 sp018396435	GCA_018396435.1	95.0	d__Archaea;p__Thermoproteota;c__Bathyarchaeia;o__B26-1;f__B26-1;g__DTEX01;s__DTEX01 sp018396435	100.0	0.99	GCA_018396435.1	95.0	d__Archaea;p__Thermoproteota;c__Bathyarchaeia;o__B26-1;f__B26-1;g__DTEX01;s__DTEX01 sp018396435	100.0	0.99	d__Archaea;p__Thermoproteota;c__Bathyarchaeia;o__B26-1;f__B26-1;g__DTEX01;s__	taxonomic classification defined by topology and ANI	topological placement and ANI have congruent species assignments	GCA_018396555.1, s__DTEX01 sp018396555, 95.0, 93.21, 0.74; GCA_011363705.1, s__DTEX01 sp011363705, 95.0, 82.95, 0.73	82.8	11	N/A	N/A
GCA_018396495	d__Archaea;p__Thermoproteota;c__Bathyarchaeia;o__B24;f__B24;g__DTBU01;s__DTBU01 sp018396755	GCA_018396755.1	95.0	d__Archaea;p__Thermoproteota;c__Bathyarchaeia;o__B24;f__B24;g__DTBU01;s__DTBU01 sp018396755	99.59	0.88	GCA_018396755.1	95.0	d__Archaea;p__Thermoproteota;c__Bathyarchaeia;o__B24;f__B24;g__DTBU01;s__DTBU01 sp018396755	99.59	0.88	d__Archaea;p__Thermoproteota;c__Bathyarchaeia;o__B24;f__B24;g__DTBU01;s__	taxonomic classification defined by topology and ANI	topological placement and ANI have congruent species assignments	GCA_011366665.1, s__DTBU01 sp011366665, 95.0, 81.43, 0.66; GCA_011361905.1, s__DTBU01 sp011361905, 95.0, 81.1, 0.72; GCA_011369595.1, s__DTBU01 sp011369595, 95.0, 80.05, 0.65; GCA_011374155.1, s__DTBU01 sp011374155, 95.0, 79.58, 0.66	75.7	11	N/A	N/A
GCA_018396515	d__Archaea;p__Thermoproteota;c__Bathyarchaeia;o__TCS64;f__TCS64;g__JAGTRB01;s__JAGTRB01 sp018396515	GCA_018396515.1	95.0	d__Archaea;p__Thermoproteota;c__Bathyarchaeia;o__TCS64;f__TCS64;g__JAGTRB01;s__JAGTRB01 sp018396515	100.0	0.99	GCA_018396515.1	95.0	d__Archaea;p__Thermoproteota;c__Bathyarchaeia;o__TCS64;f__TCS64;g__JAGTRB01;s__JAGTRB01 sp018396515	100.0	0.99	d__Archaea;p__Thermoproteota;c__Bathyarchaeia;o__TCS64;f__TCS64;g__JAGTRB01;s__	taxonomic classification defined by topology and ANI	topological placement and ANI have congruent species assignments	GCA_018396865.1, s__JAGTRB01 sp018396865, 95.0, 86.24, 0.85	67.72	11	N/A	N/A
GCA_018396535	d__Archaea;p__Thermoproteota;c__Bathyarchaeia;o__B24;f__DRYS01;g__DRYS01;s__DRYS01 sp011367275	GCA_011367275.1	95.0	d__Archaea;p__Thermoproteota;c__Bathyarchaeia;o__B24;f__DRYS01;g__DRYS01;s__DRYS01 sp011367275	99.87	0.96	GCA_011367275.1	95.0	d__Archaea;p__Thermoproteota;c__Bathyarchaeia;o__B24;f__DRYS01;g__DRYS01;s__DRYS01 sp011367275	99.87	0.96	d__Archaea;p__Thermoproteota;c__Bathyarchaeia;o__B24;f__DRYS01;g__DRYS01;s__	taxonomic classification defined by topology and ANI	topological placement and ANI have congruent species assignments	GCA_011375775.1, s__DRYS01 sp011375775, 95.0, 79.17, 0.57	92.53	11	N/A	N/A
GCA_018396565	d__Archaea;p__Thermoproteota;c__Bathyarchaeia;o__40CM-2-53-6;f__RBG-13-38-9;g__DTMT01;s__DTMT01 sp018396565	GCA_018396565.1	95.0	d__Archaea;p__Thermoproteota;c__Bathyarchaeia;o__40CM-2-53-6;f__RBG-13-38-9;g__DTMT01;s__DTMT01 sp018396565	100.0	0.99	GCA_018396565.1	95.0	d__Archaea;p__Thermoproteota;c__Bathyarchaeia;o__40CM-2-53-6;f__RBG-13-38-9;g__DTMT01;s__DTMT01 sp018396565	100.0	0.99	d__Archaea;p__Thermoproteota;c__Bathyarchaeia;o__40CM-2-53-6;f__RBG-13-38-9;g__DTMT01;s__	taxonomic classification defined by topology and ANI	topological placement and ANI have congruent species assignments	GCA_018396915.1, s__DTMT01 sp018396915, 95.0, 91.64, 0.81; GCA_011355205.1, s__DTMT01 sp011355205, 95.0, 87.43, 0.72	75.99	11	N/A	N/A
GCA_018396615	d__Archaea;p__Thermoproteota;c__Bathyarchaeia;o__B26-1;f__UBA233;g__JAGTQT01;s__JAGTQT01 sp018396615	GCA_018396615.1	95.0	d__Archaea;p__Thermoproteota;c__Bathyarchaeia;o__B26-1;f__UBA233;g__JAGTQT01;s__JAGTQT01 sp018396615	100.0	1.0	GCA_018396615.1	95.0	d__Archaea;p__Thermoproteota;c__Bathyarchaeia;o__B26-1;f__UBA233;g__JAGTQT01;s__JAGTQT01 sp018396615	100.0	1.0	d__Archaea;p__Thermoproteota;c__Bathyarchaeia;o__B26-1;f__UBA233;g__;s__	taxonomic classification defined by topology and ANI	topological placement and ANI have congruent species assignments	N/A	75.29	11	N/A	N/A
GCA_018396635	d__Archaea;p__Thermoproteota;c__Bathyarchaeia;o__B26-1;f__B26-1;g__DTEX01;s__DTEX01 sp018396635	GCA_018396635.1	95.0	d__Archaea;p__Thermoproteota;c__Bathyarchaeia;o__B26-1;f__B26-1;g__DTEX01;s__DTEX01 sp018396635	100.0	1.0	GCA_018396635.1	95.0	d__Archaea;p__Thermoproteota;c__Bathyarchaeia;o__B26-1;f__B26-1;g__DTEX01;s__DTEX01 sp018396635	100.0	1.0	d__Archaea;p__Thermoproteota;c__Bathyarchaeia;o__B26-1;f__B26-1;g__DTEX01;s__	taxonomic classification defined by topology and ANI	topological placement and ANI have congruent species assignments	GCA_011364715.1, s__DTEX01 sp011364715, 95.0, 78.25, 0.4; GCA_018396655.1, s__DTEX01 sp018396655, 95.0, 77.89, 0.24; GCA_018396975.1, s__DTEX01 sp018396975, 95.0, 77.73, 0.31; GCA_011366945.1, s__DTEX01 sp011366945, 95.0, 77.73, 0.22; GCA_011380195.1, s__DTEX01 sp011380195, 95.0, 76.42, 0.21	96.5	11	N/A	N/A
GCA_018396655	d__Archaea;p__Thermoproteota;c__Bathyarchaeia;o__B26-1;f__B26-1;g__DTEX01;s__DTEX01 sp018396655	GCA_018396655.1	95.0	d__Archaea;p__Thermoproteota;c__Bathyarchaeia;o__B26-1;f__B26-1;g__DTEX01;s__DTEX01 sp018396655	100.0	1.0	GCA_018396655.1	95.0	d__Archaea;p__Thermoproteota;c__Bathyarchaeia;o__B26-1;f__B26-1;g__DTEX01;s__DTEX01 sp018396655	100.0	1.0	d__Archaea;p__Thermoproteota;c__Bathyarchaeia;o__B26-1;f__B26-1;g__DTEX01;s__	taxonomic classification defined by topology and ANI	topological placement and ANI have congruent species assignments	GCA_018396975.1, s__DTEX01 sp018396975, 95.0, 80.69, 0.5; GCA_011366945.1, s__DTEX01 sp011366945, 95.0, 80.05, 0.31; GCA_011364715.1, s__DTEX01 sp011364715, 95.0, 78.38, 0.24; GCA_018396635.1, s__DTEX01 sp018396635, 95.0, 77.89, 0.24; GCA_011380195.1, s__DTEX01 sp011380195, 95.0, 77.28, 0.27	91.01	11	N/A	N/A
GCA_018396675	d__Archaea;p__Thermoproteota;c__Bathyarchaeia;o__B26-1;f__UBA233;g__JAGTQX01;s__JAGTQX01 sp018396675	GCA_018396675.1	95.0	d__Archaea;p__Thermoproteota;c__Bathyarchaeia;o__B26-1;f__UBA233;g__JAGTQX01;s__JAGTQX01 sp018396675	100.0	1.0	GCA_018396675.1	95.0	d__Archaea;p__Thermoproteota;c__Bathyarchaeia;o__B26-1;f__UBA233;g__JAGTQX01;s__JAGTQX01 sp018396675	100.0	1.0	d__Archaea;p__Thermoproteota;c__Bathyarchaeia;o__B26-1;f__UBA233;g__;s__	taxonomic classification defined by topology and ANI	topological placement and ANI have congruent species assignments	N/A	85.45	11	N/A	N/A
GCA_018396705	d__Archaea;p__Thermoproteota;c__Bathyarchaeia;o__B26-1;f__UBA233;g__DRVP01;s__DRVP01 sp018396705	GCA_018396705.1	95.0	d__Archaea;p__Thermoproteota;c__Bathyarchaeia;o__B26-1;f__UBA233;g__DRVP01;s__DRVP01 sp018396705	100.0	1.0	GCA_018396705.1	95.0	d__Archaea;p__Thermoproteota;c__Bathyarchaeia;o__B26-1;f__UBA233;g__DRVP01;s__DRVP01 sp018396705	100.0	1.0	d__Archaea;p__Thermoproteota;c__Bathyarchaeia;o__B26-1;f__UBA233;g__DRVP01;s__	taxonomic classification defined by topology and ANI	topological placement and ANI have congruent species assignments	GCA_011364585.1, s__DRVP01 sp011364585, 95.0, 79.47, 0.47; GCA_018396875.1, s__DRVP01 sp018396875, 95.0, 79.26, 0.57; GCA_011373965.1, s__DRVP01 sp011373965, 95.0, 78.54, 0.43	96.69	11	N/A	N/A
GCA_018396725	d__Archaea;p__Thermoproteota;c__Bathyarchaeia;o__40CM-2-53-6;f__DTGE01;g__DTGE01;s__DTGE01 sp018396725	GCA_018396725.1	95.0	d__Archaea;p__Thermoproteota;c__Bathyarchaeia;o__40CM-2-53-6;f__DTGE01;g__DTGE01;s__DTGE01 sp018396725	100.0	1.0	GCA_018396725.1	95.0	d__Archaea;p__Thermoproteota;c__Bathyarchaeia;o__40CM-2-53-6;f__DTGE01;g__DTGE01;s__DTGE01 sp018396725	100.0	1.0	d__Archaea;p__Thermoproteota;c__Bathyarchaeia;o__40CM-2-53-6;f__DTGE01;g__DTGE01;s__	taxonomic classification defined by topology and ANI	topological placement and ANI have congruent species assignments	GCA_011389385.1, s__DTGE01 sp011389385, 95.0, 80.81, 0.77	93.42	11	N/A	N/A
GCA_018396775	d__Archaea;p__Thermoproteota;c__Bathyarchaeia;o__40CM-2-53-6;f__DTDX01;g__DTDX01;s__DTDX01 sp018396775	GCA_018396775.1	95.0	d__Archaea;p__Thermoproteota;c__Bathyarchaeia;o__40CM-2-53-6;f__DTDX01;g__DTDX01;s__DTDX01 sp018396775	100.0	1.0	GCA_018396775.1	95.0	d__Archaea;p__Thermoproteota;c__Bathyarchaeia;o__40CM-2-53-6;f__DTDX01;g__DTDX01;s__DTDX01 sp018396775	100.0	1.0	d__Archaea;p__Thermoproteota;c__Bathyarchaeia;o__40CM-2-53-6;f__DTDX01;g__DTDX01;s__	taxonomic classification defined by topology and ANI	topological placement and ANI have congruent species assignments	GCA_018396815.1, s__DTDX01 sp018396815, 95.0, 84.2, 0.81; GCA_011338225.1, s__DTDX01 sp011338225, 95.0, 84.03, 0.7; GCA_011369655.1, s__DTDX01 sp011369655, 95.0, 83.52, 0.75	93.57	11	N/A	N/A
GCA_018396795	d__Archaea;p__Thermoproteota;c__Bathyarchaeia;o__B26-1;f__B26-1;g__DTEX01;s__DTEX01 sp018396795	GCA_018396795.1	95.0	d__Archaea;p__Thermoproteota;c__Bathyarchaeia;o__B26-1;f__B26-1;g__DTEX01;s__DTEX01 sp018396795	100.0	0.99	GCA_018396795.1	95.0	d__Archaea;p__Thermoproteota;c__Bathyarchaeia;o__B26-1;f__B26-1;g__DTEX01;s__DTEX01 sp018396795	100.0	0.99	d__Archaea;p__Thermoproteota;c__Bathyarchaeia;o__B26-1;f__B26-1;g__DTEX01;s__	taxonomic classification defined by topology and ANI	topological placement and ANI have congruent species assignments	N/A	67.63	11	N/A	N/A
GCA_018396815	d__Archaea;p__Thermoproteota;c__Bathyarchaeia;o__40CM-2-53-6;f__DTDX01;g__DTDX01;s__DTDX01 sp018396815	GCA_018396815.1	95.0	d__Archaea;p__Thermoproteota;c__Bathyarchaeia;o__40CM-2-53-6;f__DTDX01;g__DTDX01;s__DTDX01 sp018396815	100.0	1.0	GCA_018396815.1	95.0	d__Archaea;p__Thermoproteota;c__Bathyarchaeia;o__40CM-2-53-6;f__DTDX01;g__DTDX01;s__DTDX01 sp018396815	100.0	1.0	d__Archaea;p__Thermoproteota;c__Bathyarchaeia;o__40CM-2-53-6;f__DTDX01;g__DTDX01;s__	taxonomic classification defined by topology and ANI	topological placement and ANI have congruent species assignments	GCA_011338225.1, s__DTDX01 sp011338225, 95.0, 84.78, 0.75; GCA_011369655.1, s__DTDX01 sp011369655, 95.0, 84.48, 0.83; GCA_018396775.1, s__DTDX01 sp018396775, 95.0, 84.2, 0.81	93.6	11	N/A	N/A
GCA_018396865	d__Archaea;p__Thermoproteota;c__Bathyarchaeia;o__TCS64;f__TCS64;g__JAGTRB01;s__JAGTRB01 sp018396865	GCA_018396865.1	95.0	d__Archaea;p__Thermoproteota;c__Bathyarchaeia;o__TCS64;f__TCS64;g__JAGTRB01;s__JAGTRB01 sp018396865	100.0	0.99	GCA_018396865.1	95.0	d__Archaea;p__Thermoproteota;c__Bathyarchaeia;o__TCS64;f__TCS64;g__JAGTRB01;s__JAGTRB01 sp018396865	100.0	0.99	d__Archaea;p__Thermoproteota;c__Bathyarchaeia;o__TCS64;f__TCS64;g__JAGTRB01;s__	taxonomic classification defined by topology and ANI	topological placement and ANI have congruent species assignments	GCA_018396515.1, s__JAGTRB01 sp018396515, 95.0, 86.24, 0.85	85.47	11	N/A	N/A
GCA_018396875	d__Archaea;p__Thermoproteota;c__Bathyarchaeia;o__B26-1;f__UBA233;g__DRVP01;s__DRVP01 sp018396875	GCA_018396875.1	95.0	d__Archaea;p__Thermoproteota;c__Bathyarchaeia;o__B26-1;f__UBA233;g__DRVP01;s__DRVP01 sp018396875	100.0	0.99	GCA_018396875.1	95.0	d__Archaea;p__Thermoproteota;c__Bathyarchaeia;o__B26-1;f__UBA233;g__DRVP01;s__DRVP01 sp018396875	100.0	0.99	d__Archaea;p__Thermoproteota;c__Bathyarchaeia;o__B26-1;f__UBA233;g__DRVP01;s__	taxonomic classification defined by topology and ANI	topological placement and ANI have congruent species assignments	GCA_011364585.1, s__DRVP01 sp011364585, 95.0, 81.34, 0.6; GCA_011373965.1, s__DRVP01 sp011373965, 95.0, 80.37, 0.57; GCA_018396705.1, s__DRVP01 sp018396705, 95.0, 79.26, 0.57	91.52	11	N/A	N/A
GCA_018396915	d__Archaea;p__Thermoproteota;c__Bathyarchaeia;o__40CM-2-53-6;f__RBG-13-38-9;g__DTMT01;s__DTMT01 sp018396915	GCA_018396915.1	95.0	d__Archaea;p__Thermoproteota;c__Bathyarchaeia;o__40CM-2-53-6;f__RBG-13-38-9;g__DTMT01;s__DTMT01 sp018396915	100.0	0.99	GCA_018396915.1	95.0	d__Archaea;p__Thermoproteota;c__Bathyarchaeia;o__40CM-2-53-6;f__RBG-13-38-9;g__DTMT01;s__DTMT01 sp018396915	100.0	0.99	d__Archaea;p__Thermoproteota;c__Bathyarchaeia;o__40CM-2-53-6;f__RBG-13-38-9;g__DTMT01;s__	taxonomic classification defined by topology and ANI	topological placement and ANI have congruent species assignments	GCA_018396565.1, s__DTMT01 sp018396565, 95.0, 91.64, 0.81; GCA_011355205.1, s__DTMT01 sp011355205, 95.0, 87.51, 0.85	89.03	11	N/A	N/A
GCA_018396935	d__Archaea;p__Thermoproteota;c__Bathyarchaeia;o__B26-1;f__UBA233;g__DSZD01;s__DSZD01 sp011364805	GCA_011364805.1	95.0	d__Archaea;p__Thermoproteota;c__Bathyarchaeia;o__B26-1;f__UBA233;g__DSZD01;s__DSZD01 sp011364805	99.02	0.7	GCA_011364805.1	95.0	d__Archaea;p__Thermoproteota;c__Bathyarchaeia;o__B26-1;f__UBA233;g__DSZD01;s__DSZD01 sp011364805	99.02	0.7	d__Archaea;p__Thermoproteota;c__Bathyarchaeia;o__B26-1;f__UBA233;g__;s__	taxonomic classification defined by topology and ANI	topological placement and ANI have congruent species assignments	N/A	85.57	11	N/A	N/A
GCA_018396955	d__Archaea;p__Thermoproteota;c__Bathyarchaeia;o__B26-1;f__UBA233;g__JAGTQI01;s__JAGTQI01 sp018396955	GCA_018396955.1	95.0	d__Archaea;p__Thermoproteota;c__Bathyarchaeia;o__B26-1;f__UBA233;g__JAGTQI01;s__JAGTQI01 sp018396955	100.0	0.99	GCA_018396955.1	95.0	d__Archaea;p__Thermoproteota;c__Bathyarchaeia;o__B26-1;f__UBA233;g__JAGTQI01;s__JAGTQI01 sp018396955	100.0	0.99	d__Archaea;p__Thermoproteota;c__Bathyarchaeia;o__B26-1;f__UBA233;g__;s__	taxonomic classification defined by topology and ANI	topological placement and ANI have congruent species assignments	N/A	82.6	11	N/A	N/A
GCA_018396975	d__Archaea;p__Thermoproteota;c__Bathyarchaeia;o__B26-1;f__B26-1;g__DTEX01;s__DTEX01 sp018396975	GCA_018396975.1	95.0	d__Archaea;p__Thermoproteota;c__Bathyarchaeia;o__B26-1;f__B26-1;g__DTEX01;s__DTEX01 sp018396975	100.0	0.99	GCA_018396975.1	95.0	d__Archaea;p__Thermoproteota;c__Bathyarchaeia;o__B26-1;f__B26-1;g__DTEX01;s__DTEX01 sp018396975	100.0	0.99	d__Archaea;p__Thermoproteota;c__Bathyarchaeia;o__B26-1;f__B26-1;g__DTEX01;s__	taxonomic classification defined by topology and ANI	topological placement and ANI have congruent species assignments	GCA_018396655.1, s__DTEX01 sp018396655, 95.0, 80.69, 0.5; GCA_011366945.1, s__DTEX01 sp011366945, 95.0, 78.56, 0.34; GCA_018396635.1, s__DTEX01 sp018396635, 95.0, 77.73, 0.31; GCA_011380195.1, s__DTEX01 sp011380195, 95.0, 77.33, 0.26; GCA_011364715.1, s__DTEX01 sp011364715, 95.0, 77.16, 0.26	85.85	11	N/A	N/A
GCA_018396995	d__Archaea;p__Thermoproteota;c__Bathyarchaeia;o__B26-1;f__B26-1;g__DTEX01;s__DTEX01 sp018396995	GCA_018396995.1	95.0	d__Archaea;p__Thermoproteota;c__Bathyarchaeia;o__B26-1;f__B26-1;g__DTEX01;s__DTEX01 sp018396995	100.0	1.0	GCA_018396995.1	95.0	d__Archaea;p__Thermoproteota;c__Bathyarchaeia;o__B26-1;f__B26-1;g__DTEX01;s__DTEX01 sp018396995	100.0	1.0	d__Archaea;p__Thermoproteota;c__Bathyarchaeia;o__B26-1;f__B26-1;g__DTEX01;s__	taxonomic classification defined by topology and ANI	topological placement and ANI have congruent species assignments	GCA_011363945.1, s__DTEX01 sp011363945, 95.0, 78.14, 0.43; GCA_018396405.1, s__DTEX01 sp018396405, 95.0, 77.72, 0.32	94.02	11	N/A	N/A
GCA_018397005	d__Archaea;p__Thermoproteota;c__Bathyarchaeia;o__TCS64;f__TCS64;g__JAGTQU01;s__JAGTQU01 sp018396695	GCA_018396695.1	95.0	d__Archaea;p__Thermoproteota;c__Bathyarchaeia;o__TCS64;f__TCS64;g__JAGTQU01;s__JAGTQU01 sp018396695	99.73	0.94	GCA_018396695.1	95.0	d__Archaea;p__Thermoproteota;c__Bathyarchaeia;o__TCS64;f__TCS64;g__JAGTQU01;s__JAGTQU01 sp018396695	99.73	0.94	d__Archaea;p__Thermoproteota;c__Bathyarchaeia;o__TCS64;f__TCS64;g__;s__	taxonomic classification defined by topology and ANI	topological placement and ANI have congruent species assignments	N/A	77.79	11	N/A	N/A
GCA_018397035	d__Archaea;p__Thermoproteota;c__Bathyarchaeia;o__40CM-2-53-6;f__RBG-13-38-9;g__JAGTQV01;s__JAGTQV01 sp018397035	GCA_018397035.1	95.0	d__Archaea;p__Thermoproteota;c__Bathyarchaeia;o__40CM-2-53-6;f__RBG-13-38-9;g__JAGTQV01;s__JAGTQV01 sp018397035	100.0	0.99	GCA_018397035.1	95.0	d__Archaea;p__Thermoproteota;c__Bathyarchaeia;o__40CM-2-53-6;f__RBG-13-38-9;g__JAGTQV01;s__JAGTQV01 sp018397035	100.0	0.99	d__Archaea;p__Thermoproteota;c__Bathyarchaeia;o__40CM-2-53-6;f__RBG-13-38-9;g__;s__	taxonomic classification defined by topology and ANI	topological placement and ANI have congruent species assignments	N/A	59.82	11	N/A	N/A
GCA_018397055	d__Archaea;p__Thermoproteota;c__Bathyarchaeia;o__B26-1;f__B26-1;g__PIYB01;s__PIYB01 sp018397055	GCA_018397055.1	95.0	d__Archaea;p__Thermoproteota;c__Bathyarchaeia;o__B26-1;f__B26-1;g__PIYB01;s__PIYB01 sp018397055	100.0	0.99	GCA_018397055.1	95.0	d__Archaea;p__Thermoproteota;c__Bathyarchaeia;o__B26-1;f__B26-1;g__PIYB01;s__PIYB01 sp018397055	100.0	0.99	d__Archaea;p__Thermoproteota;c__Bathyarchaeia;o__B26-1;f__B26-1;g__PIYB01;s__	taxonomic classification defined by topology and ANI	topological placement and ANI have congruent species assignments	GCA_018397065.1, s__PIYB01 sp018397065, 95.0, 87.2, 0.65	84.11	11	N/A	N/A
GCA_018397065	d__Archaea;p__Thermoproteota;c__Bathyarchaeia;o__B26-1;f__B26-1;g__PIYB01;s__PIYB01 sp018397065	GCA_018397065.1	95.0	d__Archaea;p__Thermoproteota;c__Bathyarchaeia;o__B26-1;f__B26-1;g__PIYB01;s__PIYB01 sp018397065	100.0	0.99	GCA_018397065.1	95.0	d__Archaea;p__Thermoproteota;c__Bathyarchaeia;o__B26-1;f__B26-1;g__PIYB01;s__PIYB01 sp018397065	100.0	0.99	d__Archaea;p__Thermoproteota;c__Bathyarchaeia;o__B26-1;f__B26-1;g__PIYB01;s__	taxonomic classification defined by topology and ANI	topological placement and ANI have congruent species assignments	GCA_018397055.1, s__PIYB01 sp018397055, 95.0, 87.2, 0.65	71.14	11	N/A	N/A
GCA_903833115	d__Archaea;p__Thermoproteota;c__Bathyarchaeia;o__B26-1;f__UBA233;g__PALSA-986;s__PALSA-986 sp903901015	GCA_903901015.1	95.0	d__Archaea;p__Thermoproteota;c__Bathyarchaeia;o__B26-1;f__UBA233;g__PALSA-986;s__PALSA-986 sp903901015	99.77	0.93	GCA_903901015.1	95.0	d__Archaea;p__Thermoproteota;c__Bathyarchaeia;o__B26-1;f__UBA233;g__PALSA-986;s__PALSA-986 sp903901015	99.77	0.93	d__Archaea;p__Thermoproteota;c__Bathyarchaeia;o__B26-1;f__UBA233;g__PALSA-986;s__	taxonomic classification defined by topology and ANI	topological placement and ANI have congruent species assignments	GCA_003141855.1, s__PALSA-986 sp003141855, 95.0, 80.62, 0.68; GCA_003151735.1, s__PALSA-986 sp003151735, 95.0, 80.21, 0.64; GCA_011332615.1, s__PALSA-986 sp011332615, 95.0, 77.73, 0.38; GCA_003164295.1, s__PALSA-986 sp003164295, 95.0, 77.65, 0.29; GCA_011367965.1, s__PALSA-986 sp011367965, 95.0, 77.57, 0.33; GCA_003133625.1, s__PALSA-986 sp003133625, 95.0, 77.48, 0.28; GCA_003589585.1, s__PALSA-986 sp003589585, 95.0, 77.21, 0.25; GCA_003165195.1, s__PALSA-986 sp003165195, 95.0, 77.17, 0.24; GCA_012515445.1, s__PALSA-986 sp012515445, 95.0, 77.08, 0.26	80.74	11	N/A	N/A
GD_ZH_bin_112	d__Archaea;p__Thermoproteota;c__Bathyarchaeia;o__40CM-2-53-6;f__RBG-13-38-9;g__RBG-13-38-9;s__	N/A	N/A	N/A	N/A	N/A	N/A	N/A	N/A	N/A	N/A	d__Archaea;p__Thermoproteota;c__Bathyarchaeia;o__40CM-2-53-6;f__RBG-13-38-9;g__;s__	taxonomic novelty determined using RED	N/A	N/A	49.07	11	0.9137158029513637	N/A
GD_ZH_bin_224	d__Archaea;p__Thermoproteota;c__Bathyarchaeia;o__40CM-2-53-6;f__;g__;s__	N/A	N/A	N/A	N/A	N/A	N/A	N/A	N/A	N/A	N/A	d__Archaea;p__Thermoproteota;c__Bathyarchaeia;o__40CM-2-53-6;f__;g__;s__	taxonomic classification fully defined by topology	N/A	N/A	54.56	11	0.6402331333172759	N/A
HN_SY_bin_61	d__Archaea;p__Thermoproteota;c__Bathyarchaeia;o__TCS64;f__TCS64;g__RBG-16-57-9;s__	N/A	N/A	N/A	N/A	N/A	N/A	N/A	N/A	N/A	N/A	d__Archaea;p__Thermoproteota;c__Bathyarchaeia;o__TCS64;f__TCS64;g__RBG-16-57-9;s__	ANI	N/A	GCA_013619005.1, s__RBG-16-57-9 sp013619005, 95.0, 78.55, 0.22; GCA_018652685.1, s__RBG-16-57-9 sp018652685, 95.0, 78.01, 0.31	48.95	11	0.9549100849105849	N/A
JS_LYG_bin_103	d__Archaea;p__Thermoproteota;c__Bathyarchaeia;o__B26-1;f__UBA233;g__AD8-1;s__	N/A	N/A	N/A	N/A	N/A	GCA_001273385.1	95.0	d__Archaea;p__Thermoproteota;c__Bathyarchaeia;o__B26-1;f__UBA233;g__AD8-1;s__AD8-1 sp001273385	78.44	0.45	d__Archaea;p__Thermoproteota;c__Bathyarchaeia;o__B26-1;f__UBA233;g__AD8-1;s__	taxonomic classification defined by topology and ANI	N/A	GCA_016649625.1, s__AD8-1 sp016649625, 95.0, 77.11, 0.29	40.31	11	0.960609647782843	N/A
JS_LYG_bin_42	d__Archaea;p__Thermoproteota;c__Bathyarchaeia;o__B26-1;f__BA1;g__BIN-L-1;s__	N/A	N/A	N/A	N/A	N/A	N/A	N/A	N/A	N/A	N/A	d__Archaea;p__Thermoproteota;c__Bathyarchaeia;o__B26-1;f__BA1;g__;s__	taxonomic novelty determined using RED	N/A	N/A	70.51	11	0.9186752217131633	N/A
LN_DD_bin_95	d__Archaea;p__Thermoproteota;c__Bathyarchaeia;o__TCS64;f__TCS64;g__RBG-16-57-9;s__	N/A	N/A	N/A	N/A	N/A	N/A	N/A	N/A	N/A	N/A	d__Archaea;p__Thermoproteota;c__Bathyarchaeia;o__TCS64;f__TCS64;g__RBG-16-57-9;s__	taxonomic classification fully defined by topology	N/A	N/A	56.59	11	0.9405621495345712	N/A
ZJ_NB_bin_117	d__Archaea;p__Thermoproteota;c__Bathyarchaeia;o__B26-1;f__;g__;s__	N/A	N/A	N/A	N/A	N/A	N/A	N/A	N/A	N/A	N/A	d__Archaea;p__Thermoproteota;c__Bathyarchaeia;o__B26-1;f__;g__;s__	taxonomic novelty determined using RED	N/A	N/A	51.18	11	0.6706134129500135	N/A
